,adjusted_net_yards_per_attempt_index,adjusted_net_yards_per_pass_attempt,adjusted_yards_per_attempt,adjusted_yards_per_attempt_index,all_purpose_yards,approximate_value,assists_on_tackles,attempted_passes,birth_date,blocked_punts,catch_percentage,completed_passes,completion_percentage_index,drop_percentage,dropped_passes,espn_qbr,extra_point_percentage,extra_points_attempted,extra_points_made,field_goal_percentage,field_goals_attempted,field_goals_made,fifty_plus_yard_field_goal_attempts,fifty_plus_yard_field_goals_made,first_downs_receiving,first_downs_rushing,fourth_quarter_comebacks,fourty_to_fourty_nine_yard_field_goal_attempts,fourty_to_fourty_nine_yard_field_goals_made,fumbles,fumbles_forced,fumbles_recovered,fumbles_recovered_for_touchdown,game_winning_drives,games,games_started,height,interception_percentage,interception_percentage_index,interceptions,interceptions_returned_for_touchdown,interceptions_thrown,kickoff_return_touchdown,kickoff_return_yards,kickoff_returns,less_than_nineteen_yards_field_goal_attempts,less_than_nineteen_yards_field_goals_made,longest_field_goal_made,longest_interception_return,longest_kickoff_return,longest_pass,longest_punt,longest_punt_return,longest_reception,longest_rush,name,net_yards_per_attempt_index,net_yards_per_pass_attempt,passer_rating_index,passes_defended,passing_completion,passing_touchdown_percentage,passing_touchdowns,passing_yards,passing_yards_per_attempt,player_id,position,punt_return_touchdown,punt_return_yards,punt_returns,punts,qb_record,quarterback_rating,receiving_broken_tackles,receiving_touchdowns,receiving_yards,receiving_yards_after_catch,receiving_yards_after_catch_per_reception,receiving_yards_before_catch,receiving_yards_before_catch_per_reception,receiving_yards_per_game,receiving_yards_per_reception,receptions,receptions_per_broken_tackle,receptions_per_game,rush_attempts,rush_attempts_per_broken_tackle,rush_attempts_per_game,rush_broken_tackles,rush_touchdowns,rush_yards,rush_yards_after_contact,rush_yards_after_contact_per_attempt,rush_yards_before_contact,rush_yards_before_contact_per_attempt,rush_yards_per_attempt,rush_yards_per_game,rushing_and_receiving_touchdowns,sack_percentage,sack_percentage_index,sacks,safeties,season,tackles,team_abbreviation,thirty_to_thirty_nine_yard_field_goal_attempts,thirty_to_thirty_nine_yard_field_goals_made,times_pass_target,times_sacked,total_punt_yards,touchdown_percentage_index,touches,twenty_to_twenty_nine_yard_field_goal_attempts,twenty_to_twenty_nine_yard_field_goals_made,weight,yards_from_scrimmage,yards_lost_to_sacks,yards_per_attempt_index,yards_per_completed_pass,yards_per_game_played,yards_per_kickoff_return,yards_per_punt,yards_per_punt_return,yards_per_touch,yards_recovered_from_fumble,yards_returned_from_interception,Player,years_played
Career,,4.77,5.8,,,56.0,,2346,1966-03-16,,,1344,,,,,,,,,,,,,,,9.0,,,71.0,0.0,22.0,-28.0,14.0,104.0,87.0,6-0,3.9,,,,92,,,,,,,,,93,,,,37.0,Rodney Peete,,5.78,,,57.3,3.2,76,16338,7.0,PeetRo00,,,,,,45-42-0,73.3,,,,,,,,,,,,,270.0,,2.6,,16.0,1139.0,,,,,4.2,11.0,16.0,,,0.0,,Career,,,,,,244,,,270.0,,,230,1139.0,1372,,12.2,157.1,,,,4.2,-28.0,,Rodney Peete,15
Career,,,,,2472.0,16.0,0.0,,1971-04-20,,48.1,,,,,,,,,,,,,,,,,,,8.0,0.0,1.0,0.0,,70.0,24.0,6-0,,,,,,0.0,220.0,11.0,,,,,34.0,,,20.0,43,0.0,Rodney Peete,,,,,,,,,,PennCh00,,0.0,308.0,39.0,,,,,12,1945,,,,,27.8,13.1,148,,2.1,1.0,,0.0,,0.0,-1.0,,,,,-1.0,0.0,12.0,,,0.0,,Career,1.0,,,,308,,,,149.0,,,198,1944.0,,,,,20.0,,7.9,13.0,0.0,,Chad Pennington,6
Career,,3.57,4.7,,,8.0,,677,1981-08-28,,,419,,,,,,,,,,,,,,,1.0,,,15.0,0.0,2.0,-17.0,1.0,26.0,23.0,6-4,4.3,,,,29,,,,,,,,,75,,,,27.0,Rodney Peete,,4.85,,,61.9,2.5,17,4154,6.1,FryeCh00,,,,,,7-16-0,69.7,,,,,,,,,,,,,72.0,,2.8,,4.0,347.0,,,,,4.8,13.3,4.0,,,0.0,,Career,,,,,,79,,,72.0,,,220,347.0,487,,9.9,159.8,,,,4.8,-17.0,,Charlie Frye,5
Career,,3.9,5.0,,,8.0,,511,1980-08-29,,100.0,297,,,,,,,,,,,,,,,3.0,,,10.0,0.0,2.0,-1.0,3.0,23.0,16.0,6-4,3.5,,,,18,,,,,,,,,78,,,0.0,12.0,Rodney Peete,,4.92,,,58.1,2.3,12,3117,6.1,SimmCh00,,,,,,7-9-0,69.1,,0.0,-3.0,,,,,-0.1,-3.0,1.0,,0.0,33.0,,1.4,,1.0,48.0,,,,,1.5,2.1,1.0,,,0.0,,Career,,,,,1.0,49,,,34.0,,,230,45.0,361,,10.5,135.5,,,,1.3,-1.0,,Chris Simms,5
Career,,,,,1448.0,9.0,0.0,,1976-08-04,,69.6,,,,,,,,,,,,,,,,,,,5.0,0.0,0.0,0.0,,52.0,16.0,5-10,,,,,,0.0,134.0,5.0,,,,,39.0,,,,19,38.0,Rodney Peete,,,,,,,,,,JackJa00,,,,,,,,,0,232,,,,,4.5,7.3,32,,0.6,325.0,,6.3,,5.0,1082.0,,,,,3.3,20.8,5.0,,,0.0,,Career,4.0,,,,46,,,,357.0,,,215,1314.0,,,,,26.8,,,3.7,0.0,,Jarious Jackson,6
Career,,,,,,77.0,230,,1970-11-30,,,,,,,,,,,,,,,,,,,,,1.0,11.0,3.0,0.0,,195.0,164.0,5-11,,,27.0,0.0,,,,,,,,41.0,,,,,,,Rodney Peete,,,,51.0,,,,,,GrifRo00,,,,,,,,,,,,,,,,,,,,,,,,,,,,,,,,,,,8.5,,Career,846,,,,,,,,,,,197,,,,,,,,,,0.0,230.0,Robert Griffin III,13
Career,,3.64,4.5,,,2.0,,319,1983-02-06,,,181,,,,,,,,,,,,,,,,,,5.0,0.0,1.0,0.0,,18.0,10.0,6-2,2.8,,,,9,,,,,,,,,50,,,,6.0,Rodney Peete,,4.35,,,56.7,2.5,8,1669,5.2,CroyBr00,,,,,,0-10-0,67.8,,,,,,,,,,,,,10.0,,0.6,,0.0,15.0,,,,,1.5,0.8,0.0,,,0.0,,Career,,,,,,26,,,10.0,,,206,15.0,168,,9.2,92.7,,,,1.5,0.0,,Brodie Croyle,5
Career,,3.62,4.3,,,9.0,,709,1972-07-31,,,386,,,,,,,,,,,,,,,1.0,,,13.0,0.0,2.0,-4.0,1.0,29.0,20.0,6-4,3.7,,,,26,,,,,,,,,48,,,,23.0,Rodney Peete,,4.77,,,54.4,2.1,15,3904,5.5,WeinCh00,,,,,,2-18-0,62.2,,,,,,,,,,,,,54.0,,1.9,,6.0,148.0,,,,,2.7,5.1,6.0,,,0.0,,Career,,,,,,47,,,54.0,,,232,148.0,298,,10.1,134.6,,,,2.7,-4.0,,Chris Weinke,5
Career,,4.02,4.8,,,8.0,,709,1983-01-27,,,375,,,,,,,,,,,,,,,6.0,,,20.0,0.0,8.0,-14.0,7.0,37.0,20.0,6-1,3.4,,,,24,,,,,,,,,75,,,,21,Rodney Peete,,4.89,,,52.9,3.0,21,4057,5.7,GradBr00,,,,,,6-14-0,65.8,,,,,,,,,,,,,88,,2.4,,0,329,,,,,3.7,8.9,0,,,0.0,,Career,,,,,,53,,,88,,,217,329,333,,10.8,109.6,,,,3.7,-14.0,,Bruce Gradkowski,8
Career,,4.51,5.6,,,11.0,,701,1971-11-05,,,391,,,,,,,,,,,,,,,3.0,,,19.0,0.0,1.0,-38.0,5.0,50.0,21.0,6-4,3.4,,,,24,,,,,,,,,95,,,,11.0,Rodney Peete,,5.34,,,55.8,3.1,22,4547,6.5,CollTo00,,,,,,11-10-0,71.8,,,,,,,,,,,,,83.0,,1.7,,0.0,152.0,,,,,1.8,3.0,0.0,,,0.0,,Career,,,,,,67,,,83.0,,,223,152.0,447,,11.6,90.9,,,,1.8,-38.0,,Todd Collins,12
Career,,4.77,5.3,,,12.0,,641,1983-05-11,,,366,,,,,,,,,,,,,,,2.0,,,11.0,0.0,2.0,-22.0,2.0,33.0,18.0,6-5,3.3,,,,21,,,,,,,,,78,,,,20.0,Rodney Peete,,5.73,,,57.1,2.3,15,4065,6.3,LeinMa00,,,,,,8-10-0,70.2,,,,,,,,,,,,,47.0,,1.4,,2.0,89.0,,,,,1.9,2.7,2.0,,,0.0,,Career,,,,,,30,,,47.0,,,225,89.0,221,,11.1,123.2,,,,1.9,-22.0,,Matt Leinart,6
Career,,2.09,3.1,,,1.0,,90,1979-03-22,,,49,,,,,,,,,,,,,,,,,,7.0,0.0,1.0,-13.0,,13.0,2.0,6-1,7.8,,,,7,,,,,,,,,35,,,,11,Rodney Peete,,4.84,,,54.4,2.2,2,554,6.2,TuiaMa00,,,,,,0-2-0,48.1,,,,,,,,,,,,,17,,1.3,,0,79,,,,,4.6,6.1,0,,,0.0,,Career,,,,,,10,,,17,,,220,79,70,,11.3,42.6,,,,4.6,-13.0,,Marques Tuiasosopo,6
Career,,5.81,6.6,,,24.0,,1501,1985-10-13,,,888,,,,,,,,,,,,,,,6.0,,,20.0,0.0,7.0,-24.0,6.0,70.0,39.0,6-2,2.3,,,,35,,,,,,,,,81,,,,20,Rodney Peete,,6.15,,,59.2,3.5,52,10404,6.9,HoyeBr00,,,,,,16-23-0,82.1,,,,,,,,,,,,,106,,1.5,,2,123,,,,,1.2,1.8,2,,,0.0,,Career,,,,,,88,,,106,,,216,123,636,,11.7,148.6,,,,1.2,-24.0,,Brian Hoyer,13
Career,,5.14,6.2,,,37.0,,1604,1974-12-05,,,908,,,,,,,,,,,,,,,9.0,,,24.0,0.0,7.0,-11.0,11.0,81.0,55.0,6-2,3.2,,,,52,,,,,,,,,98,,,,24.0,Rodney Peete,,5.78,,,56.6,3.8,61,11085,6.9,BatcCh00,,,,,,25-30-0,77.2,,,,,,,,,,,,,172.0,,2.1,,6.0,637.0,,,,,3.7,7.9,6.0,,,0.0,,Career,,,,,,161,,,172.0,,,216,637.0,890,,12.2,136.9,,,,3.7,-11.0,,Charlie Batch,12
Career,,4.51,5.5,,,19.0,,738,1977-05-29,,,415,,,,,,,,,,,,,,,4.0,,,12.0,0.0,5.0,-3.0,5.0,34.0,24.0,6-1,3.3,,,,24,,,,,,,,,75,,,,19,Rodney Peete,,5.19,,,56.2,3.7,27,4566,6.2,KingSh00,,,,,,14-10-0,73.4,,,,,,,,,,,,,113,,3.3,,5,454,,,,,4.0,13.4,5,,,0.0,,Career,,,,,,61,,,113,,,228,454,419,,11.0,134.3,,,,4.0,-3.0,,Shaun King,6
Career,,5.51,6.1,,,36.0,,1605,1980-01-14,,100.0,930,,,,,,,,,,,,,,,7.0,,,35.0,0.0,8.0,-20.0,10.0,60.0,50.0,6-5,2.6,,,,42,,,,,,,,,84,,,0.0,31.0,Rodney Peete,,5.94,,,57.9,3.6,58,10532,6.6,LeftBy00,,,,,,24-26-0,78.9,,0.0,-7.0,,,,,-0.1,-7.0,1.0,,0.0,137.0,,2.3,,10.0,415.0,,,,,3.0,6.9,10.0,,,0.0,,Career,,,,,1.0,92,,,138.0,,,250,408.0,452,,11.3,175.5,,,,3.0,-20.0,,Byron Leftwich,9
Career,,5.67,6.7,,,119.0,,4640,1970-09-17,,,2761,,,,,,,,,,,,,,,16.0,,,76.0,0.0,24.0,-70.0,22.0,193.0,151.0,6-1,2.3,,,,108,,,,,,,,,79,,,,38.0,Rodney Peete,,5.9,,,59.5,4.0,184,32072,6.9,BrunMa00,,,,,,78-73-0,84.0,,,,,,,,,,,,,513.0,,2.7,,15.0,2421.0,,,,,4.7,12.5,15.0,,,0.0,,Career,,,,,,390,,,513.0,,,215,2421.0,2395,,11.6,166.2,,,,4.7,-70.0,,Mark Brunell,17
Career,,7.11,7.8,,,300.0,,10739,1977-08-03,0.0,100.0,6875,,,,,,,,,,,,,,,40.0,,,127.0,0.0,42.0,-135.0,49.0,304.0,302.0,6-4,1.8,,,,193,,,,,,,,,99,36.0,,36.0,22.0,Rodney Peete,,6.83,,,64.0,5.5,591,80291,7.5,BradTo00,,,,,2.0,232-70-0,97.4,,0.0,65.0,,,,,0.2,21.7,3.0,,0.0,640.0,,2.1,,26.0,1063.0,,,,,1.7,3.5,26.0,,,0.0,,Career,,,,,3.0,527,68.0,,643.0,,,225,1128.0,3310,,11.7,264.1,,34.0,,1.8,-135.0,,Tom Brady,22
Career,,4.3,5.4,,,10.0,0.0,638,1983-06-07,,0.0,350,,,,,,,,,,,,,,,1.0,,,17.0,0.0,5.0,-16.0,2.0,64.0,21.0,6-2,3.3,,,,21,,,,,,,,,81,,,0.0,18.0,Rodney Peete,,5.19,,,54.9,2.5,16,4053,6.4,ClemKe00,,,,,,8-13-0,68.9,,0.0,0.0,,,,,0.0,,0.0,,0.0,85.0,,1.3,,3.0,227.0,,,,,2.7,3.5,3.0,,,0.0,,Career,1.0,,,,1.0,66,,,85.0,,,220,227.0,401,,11.6,63.3,,,,2.7,-16.0,,Kellen Clemens,12
Career,,4.06,4.9,,,17.0,1.0,1519,1981-06-17,0.0,0.0,861,,,,,,,,,,,,,,,4.0,,,42.0,0,15,-57,6.0,67.0,47.0,6-3,3.6,,,,54,,,,,,,,,77,29.0,,0.0,20,Rodney Peete,,4.95,,,56.7,3.2,48,8931,5.9,BollKy00,,,,,1.0,20-27-0,69.5,,0.0,0.0,,,,,0.0,,0.0,,0.0,176,,2.6,,2,572,,,,,3.3,8.5,2,,,0.0,,Career,0.0,,,,3.0,123,29.0,,176,,,220,572,802,,10.4,133.3,,29.0,,3.3,-57,,Kyle Boller,8
Career,,4.16,5.6,,,6.0,,360,1979-11-15,,,211,,,,,,,,,,,,,,,2.0,,,4.0,0.0,2.0,-3.0,1.0,21.0,10.0,6-0,2.5,,,,9,,,,,,,,,60,,,,15.0,Rodney Peete,,4.71,,,58.6,2.5,9,2226,6.2,BollBr00,,,,,,2-8-0,74.6,,,,,,,,,,,,,41.0,,2.0,,0.0,155.0,,,,,3.8,7.4,0.0,,,0.0,,Career,,,,,,49,,,41.0,,,205,155.0,301,,10.5,106.0,,,,3.8,-3.0,,Brooks Bollinger,5
Career,,3.92,4.8,,,3.0,,146,1987-09-04,,,88,,,,,,,,,,,,,,,0.0,,,3.0,0.0,2.0,-2.0,0.0,10.0,4.0,6-3,6.2,,,,9,,,,,,,,,52,,,,19.0,Rodney Peete,,6.25,,,60.3,1.4,2,1065,7.3,TolzSc00,,,,,,0-3-1,61.6,,,,,,,,,,,,,16.0,,1.6,,1.0,57.0,,,,,3.6,5.7,1.0,,,0.0,,Career,,,,,,11,,,16.0,,,205,57.0,84,,12.1,106.5,,,,3.6,-2.0,,Scott Tolzien,5
Career,,6.1,7.3,,,45.0,,1436,1989-08-03,,66.7,886,,,,,,,,,,,,,,,5.0,,,21.0,0.0,7.0,-13.0,6.0,74.0,49.0,6-1,1.4,,,,20,,,,,,,,,84,,,6.0,49,Rodney Peete,,5.95,,,61.7,4.0,57,10186,7.1,TaylTy00,,,,,,25-22-1,90.5,,0.0,10.0,,,,,0.1,5.0,2.0,,0.0,347,,4.7,,17,1905,,,,,5.5,25.7,17,,,0.0,,Career,,,,,3.0,145,,,349,,,217,1915,777,,11.5,137.6,,,,5.5,-13.0,,Tyrod Taylor,11
Career,,3.93,4.3,,,4.0,,354,1973-07-05,,,184,,,,,,,,,,,,,,,,,,5.0,0.0,1.0,0.0,,104.0,8.0,6-1,4.0,,,,14,,,,,,,,,61,,,,14.0,Rodney Peete,,5.1,,,52.0,2.8,10,1944,5.5,DetmKo00,,,,,,3-5-0,61.2,,,,,,,,,,,,,31.0,,0.3,,1.0,30.0,,,,,1.0,0.3,1.0,,,0.0,,Career,,,,,,12,,,31.0,,,195,30.0,77,,10.6,18.7,,,,1.0,0.0,,Koy Detmer,9
Career,,4.83,5.9,,,14.0,,989,1986-09-05,,100.0,600,,,,,,,,,,,,,,,2.0,,,23.0,0.0,9.0,-10.0,5.0,44.0,30.0,6-1,2.8,,,,28,,,,,,,,,71,,,13.0,20.0,Rodney Peete,,5.44,,,60.7,3.0,30,6455,6.5,McCoCo00,,,,,,8-22-0,78.1,,0.0,8.0,,,,,0.2,4.0,2.0,,0.0,139.0,,3.2,,2.0,509.0,,,,,3.7,11.6,2.0,,,0.0,,Career,,,,,2.0,94,,,141.0,,,212,517.0,564,,10.8,146.7,,,,3.7,-10.0,,Colt McCoy,10
Career,,5.72,6.1,,,14.0,0.0,562,1978-03-06,,,351,,,,,,,,,,,,,,,2.0,,,11.0,0.0,1.0,-14.0,2.0,44.0,12.0,6-4,5.2,,,,29,,,,,,,,,77,,,,19,Rodney Peete,,6.93,,,62.5,5.3,30,4156,7.4,RoseSa00,,,,,,6-6-0,81.2,,,,,,,,,,,,,48,,1.1,,1,95,,,,,2.0,2.2,1,,,0.0,,Career,1.0,,,,,19,,,48,,,222,95,127,,11.8,94.5,,,,2.0,-14.0,,Sage Rosenfels,8
Career,,5.54,6.3,,,44.0,,2712,1982-11-14,,,1613,,,,,,,,,,,,,,,8.0,,,33.0,0.0,8.0,-34.0,9.0,87.0,82.0,6-4,2.5,,,,69,,,,,,,,,87,,,,15.0,Rodney Peete,,5.92,,,59.5,3.7,101,18037,6.7,OrtoKy00,,,,,,42-40-0,81.2,,,,,,,,,,,,,126.0,,1.4,,4.0,296.0,,,,,2.3,3.4,4.0,,,0.0,,Career,,,,,,165,,,126.0,,,228,296.0,1016,,11.2,207.3,,,,2.3,-34.0,,Kyle Orton,10
Career,,5.19,6.0,,,6.0,,264,1972-08-01,,,147,,,,,,,,,,,,,,,,,,8.0,,,,,44.0,7.0,6-2,4.9,,,,13,,,,,,,,,80,,,,21.0,Rodney Peete,,6.35,,,55.7,4.9,13,1905,7.2,BoumTo00,,,,,,1-6-0,74.4,,,,,,,,,,,,,23.0,,0.5,,0.0,94.0,,,,,4.1,2.1,0.0,,,,,Career,,,,,,17,,,23.0,,,229,94.0,122,,13.0,43.3,,,,4.1,,,Todd Bouman,7
Career,,4.82,5.9,,,6.0,1.0,261,1986-10-07,,100.0,178,,,,,,,,,,,,,,,1.0,,,5.0,0.0,3.0,-31.0,0.0,70.0,5.0,6-0,2.7,,,,7,,,,,,,,,48,,,8.0,29.0,Rodney Peete,,5.36,,,68.2,3.1,8,1694,6.5,DaniCh00,,,,,,2-3-0,85.0,,0.0,8.0,,,,,0.1,8.0,1.0,,0.0,52.0,,0.7,,0.0,118.0,,,,,2.3,1.7,0.0,,,0.0,,Career,0.0,,,,1.0,26,,,53.0,,,218,126.0,155,,9.5,24.2,,,,2.4,-31.0,,Chase Daniel,12
Career,,5.44,6.1,,,40.0,,2048,1988-01-13,,0.0,1179,,,,,,,,,,,,,,,9.0,,,39.0,0.0,14.0,-47.0,10.0,62.0,61.0,6-6,3.3,,,,68,,,,,,,,,95,,,1.0,33,Rodney Peete,,6.1,,,57.6,4.0,81,13873,6.8,FreeJo00,,,,,,25-36-0,77.6,,0.0,-3.0,,,,,0.0,,0.0,,0.0,205,,3.3,,4,946,,,,,4.6,15.3,4,,,0.0,,Career,,,,,2.0,112,,,205,,,240,943,690,,11.8,223.8,,,,4.6,-47.0,,Josh Freeman,7
Career,,4.65,5.7,,,16.0,,911,1990-10-10,,50.0,527,,,,,,,,,,,,,,,3.0,,,21.0,1.0,8.0,-29.0,7.0,42.0,31.0,6-3,4.0,,,,36,,,,,,,,,74,,,13.0,32.0,Rodney Peete,,5.7,,,57.8,3.2,29,6215,6.8,SmitGe00,,,,,,12-19-0,72.9,,0.0,13.0,,,,,0.3,13.0,1.0,,0.0,149,,3.5,,7.0,659,,,,,4.4,15.7,7.0,,,0.0,,Career,,,,,2.0,82,,,150.0,,,221,672.0,559,,11.8,148.0,,,,4.5,-29.0,,Geno Smith,8
Career,,5.1,5.9,,,51.0,,2683,1982-05-17,0.0,50.0,1578,,,,,,,,,,,,,,,9.0,,,55.0,0.0,16.0,-101.0,12.0,107.0,81.0,6-4,3.1,,,,82,,,,,,,,,79,57.0,,0.0,24,Rodney Peete,,5.65,,,58.8,3.9,104,17508,6.5,CassMa00,,,,,1.0,36-45-0,78.5,,0.0,-4.0,,,,,0.0,-4.0,1.0,,0.0,268,,2.5,,5,1025,,,,,3.8,9.6,5,,,0.0,,Career,,,,,2.0,210,57.0,,269,,,225,1021,1157,,11.1,163.6,,57.0,,3.8,-101.0,,Matt Cassel,15
Career,,6.04,7.1,,,40.0,,1657,1992-11-10,,,1111,,,,,,,,,,,,,,,5.0,,,18.0,0.0,3.0,-9.0,6.0,62.0,52.0,6-2,2.2,,,,36,,,,,,,,,87,,,,19,Rodney Peete,,6.31,,,67.0,3.4,57,12212,7.4,BridTe00,,,,,,29-23-0,91.1,,,,,,,,,,,,,197,,3.2,,9,757,,,,,3.8,12.2,9,,,0.0,,Career,,,,,,135,,,197,,,215,757,905,,11.0,197.0,,,,3.8,-9.0,,Teddy Bridgewater,7
Career,,2.97,3.4,,,1.0,,74,1992-04-25,,,45,,,,,,,,,,,,,,,,,,4.0,,,,,13.0,2.0,6-6,4.1,,,,3,,,,,,,,,50,,,,3.0,Rodney Peete,,4.73,,,60.8,0.0,0,384,5.2,MannSe00,,,,,,0-2-0,57.5,,,,,,,,,,,,,23.0,,1.8,,0.0,-17.0,,,,,-0.7,-1.3,0.0,,,,,Career,,,,,,3,,,23.0,,,230,-17.0,20,,8.5,29.5,,,,-0.7,,,Sean Mannion,5
Career,,5.66,6.5,,,163.0,,6823,1956-11-18,,,3988,,,,,,,,,,,,,,,25.0,,,161.0,0.0,56.0,-93.0,35.0,208.0,203.0,6-3,3.4,,,,233,,,,,,,,,87,,,,35.0,Rodney Peete,,6.31,,,58.4,4.3,291,49325,7.2,MoonWa00,,,,,,102-101-0,80.9,,,,,,,,,,,,,543.0,,2.6,,22.0,1736.0,,,,,3.2,8.3,22.0,,,0.0,,Career,,,,,,458,,,543.0,,,218,1736.0,3415,,12.4,237.1,,,,3.2,-93.0,,Warren Moon,17
Career,,5.62,6.2,,,59.0,1.0,2151.0,1962-10-23,,,1177.0,,,,,100.0,1.0,1.0,,,,,,,,8.0,,,38.0,0.0,17.0,-64.0,10.0,92.0,66.0,5-10,3.2,,,,68.0,,,,,,,,,84.0,,,,32.0,Rodney Peete,,6.21,,,54.7,4.0,86.0,14715.0,6.8,FlutDo00,,,,,,38-28-0,76.3,,,,,,,,,,,,,338.0,,3.7,,10.0,1634.0,,,,,4.8,17.8,10.0,,,0.0,,Career,0.0,,,,,107.0,,,338.0,,,180,1634.0,687.0,,12.5,159.9,,,,4.8,-64.0,,Doug Flutie,14
Career,,4.81,5.5,,,25.0,,1562,1980-08-23,,100.0,863,,,,,,,,,,,,,,,6.0,,,32.0,0.0,7.0,-19.0,9.0,54.0,47.0,6-1,3.8,,,,60,,,,,,,,,64,,,0.0,22.0,Rodney Peete,,5.76,,,55.2,3.6,56,10232,6.6,GrosRe00,,,,,,25-22-0,71.4,,0.0,-4.0,,,,,-0.1,-4.0,1.0,,0.0,81.0,,1.5,,4.0,106.0,,,,,1.3,2.0,4.0,,,0.0,,Career,,,,,1.0,92,,,82.0,,,225,102.0,698,,11.9,189.5,,,,1.2,-19.0,,Rex Grossman,10
Career,,5.65,6.5,,,24.0,3.0,1225,1980-01-09,,100.0,757,,,,,,,,,,,,,,,4.0,,,24.0,0.0,10.0,-20.0,5.0,49.0,35.0,6-3,2.4,,,,30,,,,,,,,,75,,,0.0,40,Rodney Peete,,5.93,,,61.8,4.0,49,8295,6.8,HillSh00,,,,,,17-18-0,84.9,,0.0,0.0,,,,,0.0,0.0,1.0,,0.0,91,,1.9,,4,326,,,,,3.6,6.7,4,,,0.0,,Career,5.0,,,,1.0,84,,,92,,,230,326,533,,11.0,169.3,,,,3.5,-20.0,,Shaun Hill,11
Career,,4.95,5.8,,,11.0,,590,1990-03-19,,,343,,,,,,,,,,,,,,,1.0,,,11.0,0.0,4.0,-5.0,3.0,30.0,18.0,6-4,2.7,,,,16,,,,,,,,,80,,,,19,Rodney Peete,,5.45,,,58.1,3.4,20,3767,6.4,ManuEJ00,,,,,,6-12-0,77.1,,,,,,,,,,,,,96,,3.2,,4,339,,,,,3.5,11.3,4,,,0.0,,Career,,,,,,47,,,96,,,237,339,297,,11.0,125.6,,,,3.5,-5.0,,EJ Manuel,5
Career,,4.82,5.6,,,35.0,,2320,1986-11-11,,,1314,,,,,,,,,,,,,,,8.0,,,52.0,0.0,13.0,-77.0,10.0,79.0,73.0,6-2,3.8,,,,89,,,,,,,,,74,,,,25,Rodney Peete,,5.73,,,56.6,3.7,86,15357,6.6,SancMa00,,,,,,37-36-0,73.2,,,,,,,,,,,,,170,,2.2,,13,457,,,,,2.7,5.8,13,,,0.0,,Career,,,,,,168,,,170,,,232,457,1090,,11.7,194.4,,,,2.7,-77.0,,Mark Sanchez,8
Career,,5.28,6.7,,,4.0,,174,1990-09-13,,,109,,,,,,,,,,,,,,,,,,2.0,0.0,1.0,-10.0,,17.0,4.0,6-3,1.7,,,,3,,,,,,,,,66,,,,18.0,Rodney Peete,,5.36,,,62.6,3.4,6,1173,6.7,McCaA.00,,,,,,2-2-0,86.7,,,,,,,,,,,,,22.0,,1.3,,1.0,68.0,,,,,3.1,4.0,1.0,,,0.0,,Career,,,,,,20,,,22.0,,,220,68.0,134,,10.8,69.0,,,,3.1,-10.0,,A.J. McCarron,6
Career,,3.74,4.7,,,11.0,,605,1976-02-14,,,332,,,,,,,,,,,,,,,3.0,,,21.0,0.0,6.0,-33.0,3.0,31.0,19.0,6-1,4.1,,,,25,,,,,,,,,80,,,,22,Rodney Peete,,4.84,,,54.9,3.3,20,3590,5.9,WrigAn00,,,,,,8-11-0,66.3,,,,,,,,,,,,,80,,2.6,,0,221,,,,,2.8,7.1,0,,,0.0,,Career,,,,,,55,,,80,,,211,221,394,,10.8,115.8,,,,2.8,-33.0,,Anthony Wright,6
Career,,4.8,5.8,,,15.0,,913,1979-02-14,,,511,,,,,,,,,,,,,,,0.0,,,28.0,0.0,5.0,-20.0,2.0,37.0,24.0,6-2,3.3,,,,30,,,,,,,,,72,,,,24.0,Rodney Peete,,5.45,,,56.0,3.8,35,5930,6.5,RamsPa00,,,,,,10-14-0,74.9,,,,,,,,,,,,,47.0,,1.3,,2.0,89.0,,,,,1.9,2.4,2.0,,,0.0,,Career,,,,,,79,,,47.0,,,225,89.0,520,,11.6,160.3,,,,1.9,-20.0,,Patrick Ramsey,7
Career,,4.61,5.6,,,16.0,,893,1973-07-09,,,565,,,,,,,,,,,,,,,3.0,,,25.0,0.0,10.0,-47.0,3.0,37.0,24.0,6-2,4.3,,,,38,,,,,,,,,68,,,,8,Rodney Peete,,5.58,,,63.3,4.4,39,5916,6.6,HolcKe00,,,,,,8-16-0,79.2,,,,,,,,,,,,,43,,1.2,,1,30,,,,,0.7,0.8,1,,,0.0,,Career,,,,,,71,,,43,,,212,30,540,,10.5,159.9,,,,0.7,-47.0,,Kelly Holcomb,7
Career,,-45.0,-45.0,,,40.0,,1.0,1968-06-11,,77.4,0.0,,,,,,,,,,,,,,,,,,20.0,0.0,3,0,,72.0,58.0,6-3,100.0,,,,1.0,,,,,,,,,0.0,,,51,90,Rodney Peete,,0.0,,,0.0,0.0,0.0,0.0,0.0,JohnJo00,,,,,,,0.0,,5,1513,,,,,21.0,8.5,177,,2.5,1046,,14.5,,21,4078,,,,,3.9,56.6,26,,,0.0,,Career,,,,,159.0,0.0,,,1223,,,220,5591,0.0,,,0.0,,,,4.6,0,,Josh Johnson,5
Career,,5.16,6.0,,348.0,16.0,,788,1980-08-06,,75.0,468,,,,,,,,,,,,,,,2.0,,,19.0,1.0,5.0,-51.0,2.0,64.0,22.0,5-11,2.4,,,,19,,,,,,,,,90,,0.0,29.0,37.0,Rodney Peete,,5.44,,,59.4,3.9,31,4947,6.3,WallSe00,,0.0,0.0,1.0,,6-16-0,80.8,,0.0,106.0,,,,,1.7,17.7,6.0,,0.1,68.0,,1.1,,1.0,293.0,,,,,4.3,4.6,1.0,,,0.0,,Career,,,,,8.0,59,,,74.0,,,205,399.0,339,,10.6,77.3,,,0.0,5.4,-51.0,,Seneca Wallace,8
Career,,3.82,4.6,,,5.0,,259,1961-12-20,,,146,,,,,,,,,,,,,,,2.0,,,4.0,0.0,1.0,-5.0,1.0,58.0,4.0,6-3,4.6,,,,12,,,,,,,,,41,,,,12.0,Rodney Peete,,5.11,,,56.4,3.5,9,1544,6.0,GilbGa00,,,,,,0-4-0,66.2,,,,,,,,,,,,,24.0,,0.4,,0.0,20.0,,,,,0.8,0.3,0.0,,,0.0,,Career,,,,,,19,,,24.0,,,209,20.0,123,,10.6,26.6,,,,0.8,-5.0,,Garrett Gilbert,6
Career,,6.71,7.6,,,113.0,,4070,1971-06-22,,100.0,2666,,,,,,,,,,,,,,,7.0,,,102.0,0.0,19.0,-100.0,11.0,124.0,116.0,6-2,3.1,,,,128,,,,,,,,,85,,,0.0,23.0,Rodney Peete,,7.08,,,65.5,5.1,208,32344,7.9,WarnKu00,,,,,,67-49-0,93.7,,0.0,0.0,,,,,0.0,0.0,1.0,,0.0,173.0,,1.4,,3.0,286.0,,,,,1.7,2.3,3.0,,,0.0,,Career,,,,,1.0,260,,,174.0,,,214,286.0,1669,,12.1,260.8,,,,1.6,-100.0,,Kurt Warner,12
Career,,4.7,5.5,,,25.0,0.0,1200,1971-09-02,,0.0,686,,,,,,,,,,,,,,,2.0,,,24.0,0.0,8.0,-18.0,3.0,92.0,36.0,6-4,4.5,,,,54,,,,,,,,,72,,,0.0,21,Rodney Peete,,5.83,,,57.2,4.0,48,8087,6.7,MaddTo00,,,,,,15-20-1,72.4,,0.0,0.0,,,,,0.0,,0.0,,0.0,68,,0.7,,1,128,,,,,1.9,1.4,1,,,0.0,,Career,1.0,,,,2.0,94,,,68,,,220,128,541,,11.8,87.9,,,,1.9,-18.0,,Tommy Maddox,9
Career,,5.16,5.8,,,111.0,0.0,6261,1972-12-30,,100.0,3487,,,,,,,,,,,,,,,21.0,,,139.0,0.0,34.0,-219.0,30.0,198.0,180.0,6-5,3.1,,,,196,,,,,,,,,89,,,0.0,22.0,Rodney Peete,,5.86,,,55.7,3.3,208,40922,6.5,CollKe00,,,,,,81-99-0,73.8,,0.0,-13.0,,,,,-0.1,-6.5,2.0,,0.0,374.0,,1.9,,10.0,686.0,,,,,1.8,3.5,10.0,,,0.0,,Career,1.0,,,,2.0,337,,,376.0,,,247,673.0,2230,,11.7,206.7,,,,1.8,-219.0,,Kerry Collins,18
Career,,5.09,6.0,,,24.0,,1073,1983-04-21,,,640,,,,,,,,,,,,,,,3.0,,,24.0,0.0,8.0,-44.0,4.0,59.0,34.0,6-2,3.3,,,,35,,,,,,,,,71,,,,33.0,Rodney Peete,,5.78,,,59.6,3.6,39,7263,6.8,JackTa00,,,,,,17-17-0,78.5,,,,,,,,,,,,,171.0,,2.9,,6.0,636.0,,,,,3.7,10.8,6.0,,,0.0,,Career,,,,,,90,,,171.0,,,225,636.0,546,,11.3,123.1,,,,3.7,-44.0,,Tarvaris Jackson,9
Career,,4.11,5.3,,,8.0,,356,1981-07-12,,,216,,,,,,,,,,,,,,,1.0,,,7.0,0.0,2.0,-14.0,1.0,62.0,10.0,6-4,4.2,,,,15,,,,,,,,,60,,,,31.0,Rodney Peete,,5.38,,,60.7,2.5,9,2370,6.7,McCoLu00,,,,,,2-8-0,71.3,,,,,,,,,,,,,34.0,,0.5,,0.0,177.0,,,,,5.2,2.9,0.0,,,0.0,,Career,,,,,,34,,,34.0,,,217,177.0,271,,11.0,38.2,,,,5.2,-14.0,,Luke McCown,10
Career,,,,,2412.0,23.0,,,1958-04-04,,,,,,,,,,,,,,,,,,,,,6.0,,4,0,,61.0,36.0,5-11,,,,,,0.0,73.0,5.0,,,,,19.0,,,,55,9.0,Rodney Peete,,,,,,,,,,JoneLa00,,,,,,,,,13,2322,,,,,38.1,16.8,138,,2.3,9.0,,0.1,,0.0,17.0,,,,,1.9,0.3,13,,,0.0,,Career,,,,,,,,,147,,,180,2339,,,,,14.6,,,15.9,0,,Landry Jones,5
Career,,,,,,71.0,,,1935-03-19,,,,,,,,,,,,,,,,,,,,,3.0,,,,,95.0,85.0,6-1,,,,,,,,,,,,,,,,,80,,Rodney Peete,,,,,,,,,,HennCh00,,,,,,,,,51,6823,,,,,71.8,16.6,410,,4.3,,,,,,,,,,,,,51,,,,,Career,,,,,,,,,410,,,187,6823,,,,,,,,16.6,,,Chad Henne,7
Career,,5.79,6.7,,,70.0,,2281,1978-02-14,,100.0,1406,,,,,,,,,,,,,,,10.0,,,44.0,0.0,10.0,-39.0,17.0,86.0,76.0,6-1,2.4,,,,54,,,,,,,,,75,,,0.0,41.0,Rodney Peete,,6.05,,,61.6,3.9,89,16003,7.0,GarrDa00,,,,,,39-37-0,85.8,,0.0,-6.0,,,,,-0.1,-6.0,1.0,,0.0,380.0,,4.4,,17.0,1746.0,,,,,4.6,20.3,17.0,,,0.0,,Career,,,,,1.0,179,,,381.0,,,235,1740.0,1115,,11.4,186.1,,,,4.6,-39.0,,David Garrard,9
Career,,5.42,6.6,,,85.0,,3328.0,1965-03-07,,0.0,1894.0,,,,,,,,,,,,,,,13.0,,,82.0,0.0,21.0,-59.0,16.0,147.0,102.0,6-3,3.4,,,,112.0,,,,,,,,,88.0,,,21.0,20.0,Rodney Peete,,5.99,,,56.9,4.4,147.0,24046.0,7.2,BeueSt00,,,,,,47-55-0,80.3,,0.0,21.0,,,,,0.1,21.0,1.0,,0.0,225.0,,1.5,,5.0,496.0,,,,,2.2,3.4,5.0,,,0.0,,Career,,,,,0.0,332.0,,,226.0,,,220,517.0,2124.0,,12.7,163.6,,,,2.3,-59.0,,Steve Beuerlein,15
Career,,6.48,7.2,,,79.0,0.0,3348,1981-06-25,,100.0,2148,,,,,,,,,,,,,,,11.0,,,46.0,0.0,14.0,-63.0,14.0,155.0,93.0,6-6,2.7,,,,91,,,,,,,,,80,,,0.0,23,Rodney Peete,,6.87,,,64.2,4.1,136,25467,7.6,SchaMa00,,,,,,47-46-0,89.5,,0.0,-13.0,,,,,-0.1,-6.5,2.0,,0.0,196,,1.3,,4,353,,,,,1.8,2.3,4,,,0.0,,Career,1.0,,,,2.0,180,,,198,,,245,340,1245,,11.9,164.3,,,,1.7,-63.0,,Matt Schaub,16
Career,,,,,4904.0,33.0,,,1958-01-22,,,,,,,,,,,,,,,,,,,,,27.0,,5.0,0.0,,108.0,40.0,5-10,,,,,,0.0,969.0,52.0,,,,,32.0,,,0.0,36.0,58.0,Rodney Peete,,,,,,,,,,WhitCh00,,0.0,0.0,1.0,,,,,1.0,860.0,,,,,8.0,7.5,114.0,,1.1,780.0,,7.2,,23.0,3075.0,,,,,3.9,28.5,24.0,,,0.0,,Career,,,,,,,,,894.0,,,190,3935.0,,,,,18.6,,0.0,4.4,0.0,,Charlie Whitehurst,9
Career,,4.89,5.3,,,5.0,,363,1990-09-08,,100.0,212,,,,,,,,,,,,,,,,,,10.0,0.0,4.0,-12.0,,19.0,7.0,6-2,6.1,,,,22,,,,,,,,,56,,,2.0,5,Rodney Peete,,6.93,,,58.4,3.0,11,2699,7.4,BarkMa00,,,,,,2-5-0,66.6,,1.0,2.0,,,,,0.1,2.0,1.0,,0.1,23,,1.2,,0,-12,,,,,-0.5,-0.6,1,,,0.0,,Career,,,,,1.0,13,,,24,,,234,-10,92,,12.7,142.1,,,,-0.4,-12.0,,Matt Barkley,6
Career,,6.65,7.5,,,198.0,,7968,1982-03-02,1.0,100.0,5133,,,,,,,,,,,,,,,36.0,,,106.0,0,36,-130,47.0,236.0,234.0,6-5,2.6,,,,204,,,,,,,,,97,39.0,,5.0,31,Rodney Peete,,6.79,,,64.4,5.0,399,61149,7.7,RoetBe00,,,,,6.0,157-76-1,93.8,,0.0,-12.0,,,,,-0.1,-6.0,2.0,,0.0,500,,2.1,,19,1378,,,,,2.8,5.8,19,,,0.0,,Career,,,,,2.0,524,188.0,,502,,,240,1366,3473,,11.9,259.1,,31.3,,2.7,-130,,Ben Roethlisberger,18
Career,,4.98,6.1,,,20.0,,946,1973-07-09,,100.0,574,,,,,,,,,,,,,,,6.0,,,20.0,0.0,4.0,-35.0,8.0,64.0,27.0,6-3,2.7,,,,26,,,,,,,,,78,,,0.0,25.0,Rodney Peete,,5.47,,,60.7,3.5,33,6303,6.7,HuarDa00,,,,,,15-12-0,80.6,,0.0,-6.0,,,,,-0.1,-2.0,3.0,,0.0,52.0,,0.8,,0.0,148.0,,,,,2.8,2.3,0.0,,,0.0,,Career,,,,,3.0,94,,,55.0,,,215,142.0,612,,11.0,98.5,,,,2.6,-35.0,,Damon Huard,8
Career,,5.3,6.5,,,78.0,,3967,1967-12-08,,0.0,2298,,,,,,,,,,,,,,,8.0,,,70.0,0.0,23,-81,17.0,131.0,124.0,6-4,2.8,,,,113,,,,,,,,,85,,,0.0,17,Rodney Peete,,5.76,,,57.9,3.9,154,27602,7.0,GeorJe00,,,,,,46-78-0,80.4,,0.0,0.0,,,,,0.0,,0.0,,0.0,168,,1.3,,2,307,,,,,1.8,2.3,2,,,0.0,,Career,,,,,1.0,358,,,168,,,218,307,2691,,12.0,210.7,,,,1.8,-81,,Jeff George,12
Career,,4.44,5.4,,,59.0,,3172,1972-03-13,,100.0,1759,,,,,,,,,,,,,,,14.0,,,82.0,0,17,-93,15.0,130.0,113.0,6-4,4.1,,,,129,,,,,,,,,83,,,0.0,28,Rodney Peete,,5.47,,,55.5,3.6,113,20518,6.5,DilfTr00,,,,,,58-55-0,70.2,,0.0,-6.0,,,,,0.0,-3.0,2.0,,0.0,248,,1.9,,5,853,,,,,3.4,6.6,5,,,0.0,,Career,,,,,2.0,263,,,250,,,225,847,1730,,11.7,157.8,,,,3.4,-93,,Trent Dilfer,13
Career,,5.7,6.5,,,66.0,,2932,1975-01-10,,,1741,,,,,,,,,,,,,,,19.0,,,62.0,0.0,16.0,-46.0,24.0,103.0,96.0,6-2,3.4,,,,101,,,,,,,,,80,,,,27,Rodney Peete,,6.36,,,59.4,4.3,126,20975,7.2,DelhJa00,,,,,,56-40-0,81.3,,,,,,,,,,,,,175,,1.7,,7,328,,,,,1.9,3.2,7,,,0.0,,Career,,,,,,168,,,175,,,215,328,1267,,12.0,203.6,,,,1.9,-46.0,,Jake Delhomme,11
Career,,3.4,4.3,,,3.0,,472,1987-09-21,,,255,,,,,,,,,,,,,,,0.0,,,10.0,0.0,4.0,-28.0,0.0,21.0,14.0,6-3,3.0,,,,14,,,,,,,,,55,,,,11.0,Rodney Peete,,4.35,,,54.0,1.5,7,2520,5.3,ClauJi00,,,,,,1-13-0,61.9,,,,,,,,,,,,,37.0,,1.8,,0.0,102.0,,,,,2.8,4.9,0.0,,,0.0,,Career,,,,,,43,,,37.0,,,217,102.0,281,,9.9,120.0,,,,2.8,-28.0,,Jimmy Clausen,5
Career,,4.37,5.4,,,6.0,,324,1987-05-28,,,179,,,,,,,,,,,,,,,2.0,,,14.0,0.0,6.0,-5.0,3.0,22.0,10.0,6-4,3.4,,,,11,,,,,,,,,61,,,,17.0,Rodney Peete,,5.19,,,55.2,3.1,10,2057,6.3,YateT.00,,,,,,4-6-0,70.7,,,,,,,,,,,,,28.0,,1.3,,1.0,107.0,,,,,3.8,4.9,1.0,,,0.0,,Career,,,,,,36,,,28.0,,,215,107.0,189,,11.5,93.5,,,,3.8,-5.0,,T.J. Yates,7
Career,,4.52,5.1,,,10.0,,659,1984-05-07,,,345,,,,,,,,,,,,,,,4.0,,,8.0,0.0,1.0,0.0,4.0,38.0,17.0,6-3,3.6,,,,24,,,,,,,,,87,,,,20.0,Rodney Peete,,5.5,,,52.4,3.0,20,4059,6.2,StanDr00,,,,,,11-6-0,66.3,,,,,,,,,,,,,80.0,,2.1,,2.0,220.0,,,,,2.8,5.8,2.0,,,0.0,,Career,,,,,,38,,,80.0,,,226,220.0,226,,11.8,106.8,,,,2.8,0.0,,Drew Stanton,8
Career,,5.04,5.5,,,17.0,1.0,1046,1971-02-09,,,610,,,,,,,,,,,,,,,5.0,,,20.0,0,9,-69,6.0,37.0,27.0,6-2,3.0,,,,31,,,,,,,,,77,,,,9,Rodney Peete,,5.66,,,58.3,3.4,36,6387,6.1,MillJi00,,,,,,15-12-0,75.2,,,,,,,,,,,,,55,,1.5,,0,4,,,,,0.1,0.1,0,,,0.0,,Career,0.0,,,,,40,,,55,,,226,4,238,,10.5,172.6,,,,0.1,-69,,Jim Miller,6
Career,,5.27,6.1,,,65.0,,3106,1971-07-31,,,1699,,,,,,,,,,,,,,,8.0,,,65.0,0.0,20.0,-91.0,10.0,147.0,93.0,6-3,3.4,,,,106,,,,,,,,,99,,,,26.0,Rodney Peete,,6.03,,,54.7,3.7,114,21291,6.9,FrerGu00,,,,,,45-47-1,74.2,,,,,,,,,,,,,197.0,,1.3,,6.0,315.0,,,,,1.6,2.1,6.0,,,0.0,,Career,,,,,,207,,,197.0,,,237,315.0,1328,,12.5,144.8,,,,1.6,-91.0,,Gus Frerotte,15
Career,,5.41,6.5,,,12.0,,561,1976-04-28,,100.0,337,,,,,,,,,,,,,,,2.0,,,11.0,0.0,3.0,-2.0,2.0,39.0,10.0,6-2,2.7,,,,15,,,,,,,,,55,,,0.0,14.0,Rodney Peete,,5.63,,,60.1,4.8,27,3754,6.7,VoleBi00,,,,,,3-7-0,84.9,,0.0,0.0,,,,,0.0,0.0,1.0,,0.0,57.0,,1.5,,2.0,28.0,,,,,0.5,0.7,2.0,,,0.0,,Career,,,,,1.0,49,,,58.0,,,214,28.0,320,,11.1,96.3,,,,0.5,-2.0,,Billy Volek,9
Career,,4.34,5.5,,,49.0,,2267,1979-07-21,,0.0,1353,,,,,,,,,,,,,,,7.0,,,71.0,0.0,31.0,-55.0,11.0,94.0,79.0,6-3,3.1,,,,71,,,,,,,,,81,,,0.0,36.0,Rodney Peete,,5.09,,,59.7,2.9,65,14452,6.4,CarrDa00,,,,,,23-56-0,74.9,,0.0,0.0,,,,,0.0,,0.0,,0.0,305.0,,3.2,,9.0,1328.0,,,,,4.4,14.1,9.0,,,0.0,,Career,,,,,1.0,267,,,305.0,,,212,1328.0,1564,,10.7,153.7,,,,4.4,-55.0,,David Carr,10
Career,,5.15,5.8,,,36.0,,1304,1983-05-18,,,755,,,,,,,,,,,,,,,7.0,,,40.0,0,19,-56,13.0,60.0,50.0,6-5,3.9,,,,51,,,,,,,,,73,,,,44,Rodney Peete,,6.14,,,57.9,3.5,46,8964,6.9,YounVi00,,,,,,31-19-0,74.4,,,,,,,,,,,,,282,,4.7,,12,1459,,,,,5.2,24.3,12,,,0.0,,Career,,,,,,83,,,282,,,232,1459,449,,11.9,149.4,,,,5.2,-56,,Vince Young,6
Career,,5.5,6.7,,,8.0,,357,1985-06-20,,,219,,,,,,,,,,,,,,,4.0,,,11.0,0.0,1.0,-5.0,3.0,53.0,7.0,6-2,3.1,,,,11,,,,,,,,,80,,,,17,Rodney Peete,,5.89,,,61.3,4.8,17,2541,7.1,FlynMa00,,,,,,3-4-0,85.9,,,,,,,,,,,,,65,,1.2,,1,69,,,,,1.1,1.3,1,,,0.0,,Career,,,,,,39,,,65,,,228,69,209,,11.6,47.9,,,,1.1,-5.0,,Matt Flynn,8
Career,,,2.7,,,1.0,,555,1937-05-26,0.0,,214,,,,,,,,,,,,,,,3.0,,,8.0,,,,3.0,51.0,15.0,6-1,6.8,,,,38,,,,,,,,,90,53.0,,,4.0,Rodney Peete,,,,,38.6,3.1,17,2895,5.2,McCoJo00,,,,,47.0,5-10-0,37.6,,,,,,,,,,,,,10.0,,0.2,,0.0,-1.0,,,,,-0.1,0.0,0.0,,,,,Career,,,,,,,1840.0,,10.0,,,208,-1.0,,,13.5,56.8,,39.1,,-0.1,,,Josh McCown,5
Career,,5.46,6.6,,,112.0,,3217.0,1980-06-26,,66.7,1807.0,,,,,,,,,,,,,,,14.0,,,98.0,0.0,25.0,-54.0,15.0,143.0,115.0,6-0,2.7,,,,88.0,,,,,,,,,91.0,,,16.0,61.0,Rodney Peete,,5.83,,,56.2,4.1,133.0,22464.0,7.0,VickMi00,,,,,,61-51-1,80.4,,0.0,1.0,,,,,0.0,0.5,2.0,,0.0,873.0,,6.1,,36.0,6109.0,,,,,7.0,42.7,36.0,,,0.0,,Career,,,,,3.0,316.0,,,875.0,,,210,6110.0,1879.0,,12.4,157.1,,,,7.0,-54.0,,Michael Vick,15
Career,,4.32,5.3,,,8.0,,384,1977-10-27,,,218,,,,,,,,,,,,,,,2.0,,,12.0,0.0,3.0,-1.0,3.0,25.0,11.0,6-2,4.7,,,,18,,,,,,,,,86,,,,15,Rodney Peete,,5.63,,,56.8,3.4,13,2600,6.8,JohnDo00,,,,,,2-9-0,69.4,,,,,,,,,,,,,32,,1.3,,2,58,,,,,1.8,2.3,2,,,0.0,,Career,,,,,,38,,,32,,,225,58,226,,11.9,104.0,,,,1.8,-1.0,,Doug Johnson,5
Career,,3.64,4.4,,,14.0,,956,1973-11-21,,,491,,,,,,,,,,,,,,,1.0,,,19.0,0.0,4.0,-15.0,3.0,43.0,24.0,6-3,3.6,,,,34,,,,,,,,,68,,,,13.0,Rodney Peete,,4.53,,,51.4,3.2,31,5129,5.4,KaneDa00,,,,,,10-13-1,63.2,,,,,,,,,,,,,44.0,,1.0,,0.0,49.0,,,,,1.1,1.1,0.0,,,0.0,,Career,,,,,,63,,,44.0,,,218,49.0,512,,10.4,119.3,,,,1.1,-15.0,,Danny Kanell,6
Career,,2.87,4.2,,,4.0,,223,1975-02-27,,,117,,,,,,,,,,,,,,,,,,9.0,,,,,17.0,6.0,6-6,3.1,,,,7,,,,,,,,,64,,,,27,Rodney Peete,,3.79,,,52.5,1.8,4,1161,5.2,QuinJo00,,,,,,1-5-0,60.4,,,,,,,,,,,,,25,,1.5,,1,151,,,,,6.0,8.9,1,,,,,Career,,,,,,30,,,25,,,243,151,201,,9.9,68.3,,,,6.0,,,Jonathan Quinn,5
Career,,2.91,3.5,,,2.0,,408,1981-04-22,,,214,,,,,,,,,,,,,,,0.0,,,9.0,0.0,3.0,-9.0,1.0,17.0,13.0,6-4,4.4,,,,18,,,,,,,,,59,,,,6.0,Rodney Peete,,4.41,,,52.5,2.0,8,2082,5.1,DorsKe00,,,,,,2-11-0,55.2,,,,,,,,,,,,,11.0,,0.6,,0.0,18.0,,,,,1.6,1.1,0.0,,,0.0,,Career,,,,,,25,,,11.0,,,220,18.0,172,,9.7,122.5,,,,1.6,-9.0,,Ken Dorsey,5
Career,,4.8,5.6,,,10.0,,509,1984-04-14,,100.0,275,,,,,,,,,,,,,,,0.0,,,7.0,0.0,4.0,-17.0,1.0,29.0,12.0,6-3,3.5,,,,18,,,,,,,,,75,,,37.0,32.0,Rodney Peete,,5.52,,,54.0,4.1,21,3222,6.3,ThigTy00,,,,,,1-11-0,72.5,,1.0,37.0,,,,,1.3,37.0,1.0,,0.0,79.0,,2.7,,3.0,469.0,,,,,5.9,16.2,4.0,,,0.0,,Career,,,,,1.0,35,,,80.0,,,235,506.0,221,,11.7,111.1,,,,6.3,-17.0,,Tyler Thigpen,7
Career,,4.17,5.3,,,17.0,,311,1989-06-20,,53.2,175,,,,,,,,,,,,,,,,,,8.0,0.0,5.0,-9.0,,51.0,30.0,6-4,3.9,,,,12,,,,,,,,,73,,,54.0,93.0,Rodney Peete,,5.22,,,56.3,2.9,9,1994,6.4,PryoTe00,,,,,,3-7-0,69.3,,7.0,1563.0,,,,,30.6,13.6,115.0,,2.3,103.0,,2.0,,4.0,646.0,,,,,6.3,12.7,11.0,,,0.0,,Career,,,,,216.0,32,,,218.0,,,228,2209.0,204,,11.4,39.1,,,,10.1,-9.0,,Terrelle Pryor,8
Career,,5.12,5.9,,,14.0,,965,1983-10-14,,0.0,559,,,,,,,,,,,,,,,2.0,,,15.0,0.0,2.0,-8.0,3.0,35.0,25.0,6-3,3.1,,,,30,,,,,,,,,95,,,0.0,25,Rodney Peete,,5.83,,,57.9,3.2,31,6462,6.7,WeedBr00,,,,,,6-19-0,76.0,,0.0,-9.0,,,,,-0.3,,0.0,,0.0,62,,1.8,,1,200,,,,,3.2,5.7,1,,,0.0,,Career,,,,,1.0,66,,,62,,,227,191,452,,11.6,184.6,,,,3.1,-8.0,,Brandon Weeden,6
Career,,8.48,9.1,,,57.0,,1798,1995-09-17,,0.0,1192,,,,,,,,,,,,,,,7,,,17.0,0,10,-14,8,49.0,49.0,6-3,1.5,,,,27,,,,,,,,,89,,,0.0,28,Rodney Peete,,7.82,,,66.3,6.8,123,15092,8.4,MahoPa00,,,,,,39-10-0,108.9,,0.0,0.0,,,,,0.0,,0.0,,0.0,182,,3.7,,7,874,,,,,4.8,17.8,7,,,0.0,,Career,,,,,2.0,71,,,182,,,227,874,482,,12.7,308.0,,,,4.8,-14,,Patrick Mahomes,5
Career,,4.14,5.2,,,29.0,,1634,1970-02-25,0.0,0.0,892,,,,,,,,,,,,,,,2.0,,,37.0,0.0,8.0,-29.0,4.0,73.0,60.0,6-5,3.5,,,,58,,,,,,,,,71,33.0,,0.0,23.0,Rodney Peete,,5.09,,,54.6,2.7,44,10248,6.3,BrowDa00,,,,,3.0,26-34-0,67.9,,0.0,0.0,,,,,0.0,,0.0,,0.0,192.0,,2.6,,7.0,669.0,,,,,3.5,9.2,7.0,,,0.0,,Career,,,,,1.0,181,72.0,,192.0,,,230,669.0,1005,,11.5,140.4,,24.0,,3.5,-29.0,,Dave Brown,10
Career,,5.16,5.9,,,141.0,,6701,1963-11-13,,100.0,3787,,,,,,,,,,,,,,,29.0,,,117.0,0.0,39.0,-93.0,33.0,233.0,214.0,6-5,4.0,,,,267,,,,,,,,,89,,,7.0,48.0,Rodney Peete,,6.07,,,56.5,4.1,275,46233,6.9,TestVi00,,,,,,90-123-1,75.0,,0.0,6.0,,,,,0.0,2.0,3.0,,0.0,430.0,,1.8,,15.0,1661.0,,,,,3.9,7.1,15.0,,,0.0,,Career,,,,,2.0,417,,,433.0,,,235,1667.0,2992,,12.2,198.4,,,,3.8,-93.0,,Vinny Testaverde,21
Career,,5.18,6.3,,,102.0,,4005,1965-10-12,,100.0,2328,,,,,,,,,,,,,,,10.0,,,98,0.0,36.0,-118.0,15.0,180.0,152.0,6-4,3.6,,,,146,,,,,,,,,94,,,22.0,29,Rodney Peete,,5.91,,,58.1,4.2,170,28484,7.1,ChanCh00,,,,,,67-85-0,79.1,,0.0,18.0,,,,,0.1,9.0,2.0,,0.0,371,,2.1,,12,1310,,,,,3.5,7.3,12,,,0.0,,Career,,,,,2.0,380,,,373,,,224,1328,2590,,12.2,158.2,,,,3.6,-118.0,,Chris Chandler,18
Career,,4.35,5.0,,,8.0,,762,1977-05-16,,,425,,,,,,,,,,,,,,,3.0,,,17.0,0.0,4.0,-6.0,5.0,28.0,18.0,6-3,4.1,,,,31,,,,,,,,,89,,,,7.0,Rodney Peete,,5.39,,,55.8,3.7,28,4618,6.1,FeelA.00,,,,,,8-10-0,69.1,,,,,,,,,,,,,37.0,,1.3,,1.0,49.0,,,,,1.3,1.8,1.0,,,0.0,,Career,,,,,,44,,,37.0,,,220,49.0,276,,10.9,164.9,,,,1.3,-6.0,,A.J. Feeley,6
Career,,3.58,4.3,,815.0,4.0,5.0,159,1986-11-14,,40.0,90,,,,,,,,,,,,,,,0.0,,,2.0,0.0,1.0,14.0,2.0,104.0,4.0,6-4,3.8,,,,6,0.0,401.0,18.0,,,,,37.0,46,,,16.0,65.0,Rodney Peete,,4.82,,,56.6,1.9,3,888,5.6,WebbJo00,,,,,,1-1-0,63.1,,0.0,74.0,,,,,0.7,7.4,10.0,,0.1,50,,0.5,,4.0,326,,,,,6.5,3.1,4.0,,,0.0,,Career,24.0,,,,25.0,11,,,60.0,,,231,400.0,69,,9.9,8.5,22.3,,,6.7,14.0,,Joe Webb,10
Career,,4.34,4.5,,,4.0,,345,1988-06-05,,,190,,,,,,,,,,,,,,,,,,1,,,,,21.0,8.0,6-6,2.9,,,,10,,,,,,,,,48,,,,6,Rodney Peete,,5.11,,,55.1,2.6,9,1835,5.3,MallRy00,,,,,,3-5-0,66.8,,,,,,,,,,,,,28,,1.3,,1,-5,,,,,-0.2,-0.2,1,,,,,Career,,,,,,7,,,28,,,240,-5,37,,9.7,87.4,,,,-0.2,,,Ryan Mallett,6
Career,,4.8,6.7,,,22.0,,806,1973-03-18,,100.0,494,,,,,,,,,,,,,,,4.0,,,14.0,0.0,4.0,-5.0,4.0,48.0,29.0,6-4,2.9,,,,23,,,,,,,,,74,,,0.0,32.0,Rodney Peete,,5.26,,,61.3,3.7,30,5795,7.2,JohnRo00,,,,,,12-17-0,83.6,,0.0,-6.0,,,,,-0.1,-6.0,1.0,,0.0,140.0,,2.9,,4.0,877.0,,,,,6.3,18.3,4.0,,,0.0,,Career,,,,,1.0,140,,,141.0,,,204,871.0,817,,11.7,120.7,,,,6.2,-5.0,,Rob Johnson,10
Career,,,,,2636,1.0,,,1950-12-22,,,,,,,,,,,,,,,,,,,,,12,,6,0,,51.0,1.0,6-1,,,,,,0,1734,76,,,,,52,,,88,26.0,8,Rodney Peete,,,,,,,,,,MoorMa00,,1,770,88,,,,,0.0,94.0,,,,,1.8,10.4,9.0,,0.2,20,,0.4,,1,38,,,,,1.9,0.7,1,,,0.0,,Career,,,,,,,,,29,,,197,132,,,,,22.8,,8.8,4.6,0,,Matt Moore,5
Career,,4.34,5.3,,,18.0,,1514,1989-10-15,,100.0,851,,,,,,,,,,,,,,,7.0,,,33,0.0,9.0,-65.0,7.0,61.0,48.0,6-5,3.1,,,,47,,,,,,,,,80,,,0.0,44,Rodney Peete,,5.01,,,56.2,3.3,50,9206,6.1,GabbBl00,,,,,,13-35-0,72.3,,0.0,-16.0,,,,,-0.3,-16.0,1.0,,0.0,189,,3.1,,3,644,,,,,3.4,10.6,3,,,0.0,,Career,,,,,1.0,139,,,190,,,235,628,923,,10.8,150.9,,,,3.3,-65.0,,Blaine Gabbert,10
Career,,5.38,6.4,,,23.0,,1072,1992-12-11,,100.0,642,,,,,,,,,,,,,,,2.0,,,19,0.0,8.0,-27.0,3.0,52.0,33.0,6-4,1.3,,,,14,,,,,,,,,80,,,2.0,27,Rodney Peete,,5.39,,,59.9,2.9,31,6843,6.4,BrisJa00,,,,,,12-21-0,82.8,,0.0,2.0,,,,,0.0,2.0,1.0,,0.0,172,,3.3,,13,632,,,,,3.7,12.2,13,,,0.0,,Career,,,,,1.0,93,,,173,,,235,634,567,,10.7,131.6,,,,3.7,-27.0,,Jacoby Brissett,6
Career,,5.5,6.3,,,49.0,,2967,1987-11-08,,100.0,1855,,,,,,,,,,,,,,,7.0,,,50,0.0,16.0,-70.0,8.0,83.0,83.0,6-4,2.1,,,,61,,,,,,,,,80,,,5.0,24,Rodney Peete,,5.72,,,62.5,3.5,103,19449,6.6,BradSa00,,,,,,34-48-1,84.5,,0.0,5.0,,,,,0.1,5.0,1.0,,0.0,146,,1.8,,2,340,,,,,2.3,4.1,2,,,0.0,,Career,,,,,1.0,196,,,147,,,224,345,1371,,10.5,234.3,,,,2.3,-70.0,,Sam Bradford,8
Career,,2.48,3.9,,,6.0,0.0,350,1974-05-27,,,184,,,,,,,,,,,,,,,2.0,,,5.0,0.0,3.0,0.0,2.0,25.0,10.0,6-1,6.3,,,,22,,,,,,,,,64,,,,29.0,Rodney Peete,,4.33,,,52.6,3.4,12,2123,6.1,WuerDa00,,,,,,4-6-0,56.4,,,,,,,,,,,,,31.0,,1.2,,1.0,189.0,,,,,6.1,7.6,1.0,,,0.0,,Career,1.0,,,,,57,,,31.0,,,212,189.0,362,,11.5,84.9,,,,6.1,0.0,,Danny Wuerffel,6
Career,,5.23,6.2,,,13.0,,714,1977-03-15,,,432,,,,,,,,,,,,,,,1.0,,,21,0.0,7.0,-12.0,1.0,40.0,18.0,6-0,3.2,,,,23,,,,,,,,,89,,,,15,Rodney Peete,,5.77,,,60.5,4.3,31,4853,6.8,RattTi00,,,,,,5-13-0,81.9,,,,,,,,,,,,,45,,1.1,,0,77,,,,,1.7,1.9,0,,,0.0,,Career,,,,,,63,,,45,,,200,77,372,,11.2,121.3,,,,1.7,-12.0,,Tim Rattay,8
Career,,,,,4364.0,21.0,2.0,,1977-04-07,,55.6,,,,,,,,,,,,,,,,,,,10,0.0,5.0,11.0,,92.0,22.0,5-10,,,,,,0.0,1560.0,74.0,,,,,81.0,,,48.0,84,27.0,Rodney Peete,,,,,,,,,,EdwaTr00,,0.0,343.0,38.0,,,,,11,2404,,,,,26.1,11.8,203,,2.2,16.0,,0.2,,1.0,46.0,,,,,2.9,0.5,12,,,0.0,,Career,13.0,,,,365,,,,219,,,195,2450,,,,,21.1,,9.0,11.2,11.0,,Trent Edwards,7
Career,,5.81,6.6,,,38.0,,2101,1988-02-17,,,1309,,,,,,,,,,,,,,,6.0,,,33.0,1.0,9.0,-27.0,10.0,70.0,62.0,6-1,2.2,,,,47,,,,,,,,,69,,,,22.0,Rodney Peete,,6.08,,,62.3,3.6,75,14414,6.9,KeenCa00,,,,,,27-35-0,85.2,,,,,,,,,,,,,134.0,,1.9,,6.0,428.0,,,,,3.2,6.1,6.0,,,0.0,,Career,,,,,,120,,,134.0,,,215,428.0,900,,11.0,205.9,,,,3.2,-27.0,,Case Keenum,10
Career,,5.94,6.7,,,35.0,,2010,1989-01-20,,100.0,1253,,,,,,,,,,,,,,,10.0,,,35,0.0,13.0,-40.0,12.0,67.0,55.0,6-6,2.1,,,,43,,,,,,,,,83,,,15.0,21,Rodney Peete,,6.09,,,62.3,4.0,81,13753,6.8,FoleNi00,,,,,,28-27-0,87.1,,0.0,10.0,,,,,0.1,10.0,1.0,,0.0,145,,2.2,,6,391,,,,,2.7,5.8,6,,,0.0,,Career,,,,,1.0,115,,,146,,,262,401,806,,11.0,205.3,,,,2.7,-40.0,,Nick Foles,9
Career,,4.92,5.5,,,22.0,,1674,1983-06-15,,,909,,,,,,,,,,,,,,,5.0,,,34.0,0.0,10.0,-30.0,7.0,78.0,49.0,6-6,3.8,,,,64,,,,,,,,,78,,,,33.0,Rodney Peete,,5.88,,,54.3,3.6,60,10878,6.5,AndeDe00,,,,,,20-29-0,70.4,,,,,,,,,,,,,102.0,,1.3,,5.0,226.0,,,,,2.2,2.9,5.0,,,0.0,,Career,,,,,,81,,,102.0,,,235,226.0,563,,12.0,139.5,,,,2.2,-30.0,,Derek Anderson,13
Career,,5.52,6.2,,,93.0,,4326,1968-09-13,,50.0,2668,,,,,,,,,,,,,,,14.0,,,64,0.0,21.0,-56.0,27.0,177.0,125.0,6-5,2.8,,,,122,,,,,,,,,82,,,3.0,28,Rodney Peete,,5.99,,,61.7,3.8,166,29054,6.7,JohnBr00,,,,,,72-53-0,82.5,,1.0,1.0,,,,,0.0,1.0,1.0,,0.0,276,,1.6,,8,657,,,,,2.4,3.7,9,,,0.0,,Career,,,,,2.0,251,,,277,,,235,658,1616,,10.9,164.1,,,,2.4,-56.0,,Brad Johnson,15
Career,,6.39,7.2,,,131.0,1.0,6318,1988-02-07,,50.0,3964,,,,,,,,,,,,,,,32,,,69,0.0,22.0,-85.0,39,168.0,168.0,6-3,2.3,,,,145,,,,,,,,,87,,,3.0,24,Rodney Peete,,6.49,,,62.7,4.6,291,46051,7.3,StafMa00,,,,,,77-90-1,90.5,,0.0,-3.0,,,,,0.0,-1.5,2.0,,0.0,354,,2.1,,14,1192,,,,,3.4,7.1,14,,,0.0,,Career,0.0,,,,4.0,388,,,356,,,220,1189,2525,,11.6,274.1,,,,3.3,-85.0,,Matthew Stafford,13
Career,,,,,1498.0,17.0,,,1957-06-24,,,,,,,,,,,,,,,,,,,,,0.0,,1.0,0.0,,83.0,1.0,6-3,,,,,,0.0,5.0,1.0,,,,,5.0,,,,50,,Rodney Peete,,,,,,,,,,RoseJo00,,,,,,,,,13,1493,,,,,18.0,13.3,112,,1.3,,,,,,,,,,,,,13,,,0.0,,Career,,,,,,,,,112,,,228,1493,,,,,5.0,,,13.3,0.0,,Josh Rosen,7
Career,,5.18,6.0,,,139.0,,6717,1972-02-14,,100.0,3839,,,,,,,,,,,,,,,24.0,,,123,0,39,-179,31.0,194.0,193.0,6-5,3.1,,,,206,,,,,,,,,86,,,0.0,25,Rodney Peete,,5.77,,,57.2,3.7,251,44611,6.6,BledDr00,,,,,,98-95-0,77.1,,0.0,-9.0,,,,,0.0,-9.0,1.0,,0.0,385,,2.0,,10,764,,,,,2.0,3.9,10,,,0.0,,Career,,,,,1.0,467,,,386,,,238,755,3135,,11.6,230.0,,,,2.0,-179,,Drew Bledsoe,14
Career,,3.31,4.3,,,6.0,,515,1979-02-08,,100.0,229,,,,,,,,,,,,,,,3.0,,,19,0,6,-8,3.0,29.0,14.0,6-2,4.1,,,,21,,,,,,,,,69,,,7.0,22,Rodney Peete,,4.44,,,44.5,2.9,15,2867,5.6,McMaMi00,,,,,,3-11-0,55.1,,0.0,7.0,,,,,0.2,7.0,1.0,,0.0,82,,2.8,,7,409,,,,,5.0,14.1,7,,,0.0,,Career,,,,,1.0,55,,,83,,,208,416,338,,12.5,98.9,,,,5.0,-8,,Mike McMahon,5
Career,,5.76,6.6,,,117.0,,4206.0,1965-12-20,,100.0,2533.0,,,,,,,,,,,,,,,16.0,,,79.0,0.0,21.0,-37.0,20.0,157.0,132.0,6-3,2.5,,,,104.0,,,,,,,,,84.0,,,0.0,42.0,Rodney Peete,,6.0,,,60.2,4.3,180.0,28743.0,6.8,GannRi00,,,,,,76-56-0,84.7,,0.0,-3.0,,,,,0.0,-1.5,2.0,,0.0,521.0,,3.3,,21.0,2449.0,,,,,4.7,15.6,21.0,,,0.0,,Career,,,,,1.0,302.0,,,523.0,,,210,2446.0,1689.0,,11.3,183.1,,,,4.7,-37.0,,Rich Gannon,18
Career,,5.47,6.3,,,54.0,,2518,1981-12-31,,,1519,,,,,,,,,,,,,,,7.0,,,52,0,18,-39,10.0,90.0,79.0,6-5,2.4,,,,60,,,,,,,,,84,,,,29,Rodney Peete,,5.83,,,60.3,3.5,87,16771,6.7,CampJa00,,,,,,32-47-0,81.7,,,,,,,,,,,,,240,,2.7,,6,1204,,,,,5.0,13.4,6,,,0.0,,Career,,,,,,170,,,240,,,235,1204,1096,,11.0,186.3,,,,5.0,-39,,Jason Campbell,9
Career,,5.95,6.9,,,138.0,,4348,1989-05-11,,75.0,2613,,,,,,,,,,,,,,,16.0,,,58,0,19,-86,20.0,140.0,139.0,6-5,2.7,,,,118,,,,,,,,,91,,,27.0,72,Rodney Peete,,6.27,,,60.1,4.4,190,31698,7.3,NewtCa00,,,,,,75-63-1,85.8,,1.0,68.0,,,,,0.5,22.7,3.0,,0.0,1071,,7.7,,70,5398,,,,,5.0,38.6,71,,,0.0,,Career,,,,,4.0,322,,,1074,,,245,5466,2394,,12.1,226.4,,,,5.1,-86,,Cam Newton,10
Career,,5.14,6.5,,,136.0,,4289.0,1963-03-27,0.0,50.0,2429.0,,,,,,,,,,,,,,,19.0,,,105.0,0.0,37.0,-49.0,24.0,161.0,135.0,6-4,3.1,,,,134.0,,,,,,,,,95.0,91.0,,0.0,52.0,Rodney Peete,,5.54,,,56.6,4.8,207.0,29979.0,7.0,CunnRa00,,,,,20.0,82-52-1,81.5,,0.0,-6.0,,,,,0.0,-3.0,2.0,,0.0,775.0,,4.8,,35.0,4928.0,,,,,6.4,30.6,35.0,,,0.0,,Career,,,,,2.0,484.0,894.0,,777.0,,,212,4922.0,3537.0,,12.3,186.2,,44.7,,6.3,-49.0,,Randall Cunningham,17
Career,,4.7,5.8,,,48.0,,2356,1973-04-05,,0.0,1278,,,,,,,,,,,,,,,5.0,,,73.0,0.0,21.0,-91.0,7.0,96.0,78.0,6-4,3.1,,,,73,,,,,,,,,85,,,0.0,23.0,Rodney Peete,,5.37,,,54.2,3.3,77,15315,6.5,BankTo00,,,,,,35-43-0,72.4,,0.0,0.0,,,,,0.0,,0.0,,0.0,246.0,,2.6,,6.0,881.0,,,,,3.6,9.2,6.0,,,0.0,,Career,,,,,1.0,227,,,246.0,,,230,881.0,1432,,12.0,159.5,,,,3.6,-91.0,,Tony Banks,9
Career,,5.65,6.3,,,101.0,,5060,1982-11-24,,100.0,3072,,,,,,,,,,,,,,,13.0,,,84.0,0.0,40.0,-72.0,18.0,166.0,147.0,6-2,3.3,,,,169,,,,,,,,,98,,,0.0,31.0,Rodney Peete,,6.23,,,60.7,4.4,223,34990,6.9,FitzRy00,,,,,,59-87-1,82.3,,0.0,-3.0,,,,,0.0,-1.0,3.0,,0.0,575.0,,3.5,,21.0,2623.0,,,,,4.6,15.8,21.0,,,0.0,,Career,,,,,3.0,300,,,578.0,,,221,2620.0,1576,,11.4,210.8,,,,4.5,-72.0,,Ryan Fitzpatrick,17
Career,,6.97,7.8,,,83.0,,3781,1988-08-19,,50.0,2541,,,,,,,,,,,,,,,11.0,,,67,0,25,-99,16.0,112.0,107.0,6-3,2.2,,,,84,,,,,,,,,81,,,0.0,29,Rodney Peete,,6.92,,,67.2,5.2,198,29290,7.7,CousKi00,,,,,,52-53-2,98.6,,0.0,-1.0,,,,,0.0,-1.0,1.0,,0.0,233,,2.1,,16,758,,,,,3.3,6.8,16,,,0.0,,Career,,,,,2.0,218,,,234,,,205,757,1609,,11.5,261.5,,,,3.2,-99,,Kirk Cousins,10
Career,,,,,,24.0,1.0,,1985-02-23,,61.9,,,,,,,,,,,,,,,,,,,6,0.0,1.0,0.0,,93.0,85.0,6-5,,,,,,,,,,,,,,,,,35,,Rodney Peete,,,,,,,,,,PettBr00,,,,,,,,,17,2965,,,,,31.9,9.9,301,,3.2,,,,,,,,,,,,,17,,,0.0,,Career,1.0,,,,486,,,,301,,,257,2965,,,,,,,,9.9,0.0,,Bryce Petty,7
Career,,4.46,5.3,,,23.0,,1339,1968-11-01,,66.7,694,,,,,,,,,,,,,,,8.0,,,22,0.0,5.0,-6.0,9.0,81.0,38.0,6-5,2.5,,,,33,,,,,,,,,87,,,16.0,23,Rodney Peete,,4.95,,,51.8,2.9,39,7801,5.8,GrahKe00,,,,,,17-21-0,69.0,,0.0,15.0,,,,,0.2,7.5,2.0,,0.0,121,,1.5,,5,424,,,,,3.5,5.2,5,,,0.0,,Career,,,,,3.0,100,,,123,,,231,439,679,,11.2,96.3,,,,3.6,-6.0,,Kent Graham,9
Career,,5.37,6.2,,,61.0,,2796,1975-03-18,,100.0,1752,,,,,,,,,,,,,,,9.0,,,51,0,19,-70,12.0,93.0,83.0,6-3,3.5,,,,99,,,,,,,,,88,,,0.0,24,Rodney Peete,,6.06,,,62.7,4.3,119,19440,7.0,GrieBr00,,,,,,45-38-0,82.7,,0.0,-10.0,,,,,-0.1,-5.0,2.0,,0.0,238,,2.6,,5,582,,,,,2.4,6.3,5,,,0.0,,Career,,,,,2.0,193,,,240,,,214,572,1326,,11.1,209.0,,,,2.4,-70,,Brian Griese,11
Career,,6.24,7.1,,,110.0,,3740.0,1970-07-09,,100.0,2266.0,,,,,,,,,,,,,,,15.0,,,60.0,0.0,15.0,-66.0,19.0,120.0,113.0,6-3,3.0,,,,114.0,,,,,,,,,99.0,,,1.0,24.0,Rodney Peete,,6.72,,,60.6,4.3,162.0,28475.0,7.6,GreeTr00,,,,,,56-57-0,86.0,,0.0,-7.0,,,,,-0.1,-2.3,3.0,,0.0,243.0,,2.0,,6.0,914.0,,,,,3.8,7.6,6.0,,,0.0,,Career,,,,,3.0,259.0,,,246.0,,,217,907.0,1621.0,,12.6,237.3,,,,3.7,-66.0,,Trent Green,12
Career,,4.96,6.1,,,13.0,,755,1984-08-24,,,449,,,,,,,,,,,,,,,4.0,,,19,0.0,1.0,-8.0,3.0,34.0,21.0,6-3,3.3,,,,25,,,,,,,,,83,,,,22,Rodney Peete,,5.64,,,59.5,3.7,28,5206,6.9,KolbKe00,,,,,,9-12-0,78.9,,,,,,,,,,,,,69,,2.0,,2,229,,,,,3.3,6.7,2,,,0.0,,Career,,,,,,77,,,69,,,218,229,517,,11.6,153.1,,,,3.3,-8.0,,Kevin Kolb,6
Career,,7.05,8.1,,,28.0,,1072,1991-11-02,,100.0,723,,,,,,,,,,,,,,,7.0,,,22,0.0,6.0,-16.0,7.0,51.0,35.0,6-2,2.5,,,,27,,,,,,,,,79,,,3.0,13,Rodney Peete,,7.15,,,67.4,5.1,55,8802,8.2,GaroJi00,,,,,,26-9-0,99.1,,0.0,-3.0,,,,,-0.1,-1.5,2.0,,0.0,119,,2.3,,3,167,,,,,1.4,3.3,3,,,0.0,,Career,,,,,2.0,81,,,121,,,225,164,553,,12.2,172.6,,,,1.4,-16.0,,Jimmy Garoppolo,8
Career,,5.15,6.1,,,13.0,,980,1989-12-12,,,599,,,,,,,,,,,,,,,3.0,,,19.0,0.0,11.0,-28.0,4.0,34.0,27.0,6-7,2.6,,,,25,,,,,,,,,85,,,,19.0,Rodney Peete,,5.4,,,61.1,4.4,43,6235,6.4,GlenMi00,,,,,,6-21-0,83.5,,,,,,,,,,,,,49.0,,1.4,,0.0,107.0,,,,,2.2,3.1,0.0,,,0.0,,Career,,,,,,74,,,49.0,,,225,107.0,544,,10.4,183.4,,,,2.2,-28.0,,Mike Glennon,7
Career,,5.64,6.4,,,120.0,,6066,1985-01-16,,100.0,3744,,,,,,,,,,,,,,,18.0,,,89,0,30,-87,24.0,176.0,175.0,6-6,2.4,,,,144,,,,,,,,,95,,,43.0,38,Rodney Peete,,5.96,,,61.7,3.7,224,40931,6.7,FlacJo00,,,,,,98-77-0,84.1,,0.0,35.0,,,,,0.2,17.5,2.0,,0.0,363,,2.1,,16,853,,,,,2.3,4.8,16,,,0.0,,Career,,,,,2.0,366,,,365,,,245,888,2623,,10.9,232.6,,,,2.4,-87,,Joe Flacco,13
Career,,4.68,5.1,,,8.0,,839,1970-06-01,,100.0,492,,,,,,,,,,,,,,,3.0,,,14,0.0,6.0,-20.0,2.0,31.0,22.0,6-3,2.9,,,,24,,,,,,,,,56,,,0.0,14,Rodney Peete,,5.21,,,58.6,3.7,31,4756,5.7,MattSh00,,,,,,11-11-0,75.0,,0.0,-13.0,,,,,-0.4,-13.0,1.0,,0.0,43,,1.4,,1,101,,,,,2.3,3.3,1,,,0.0,,Career,,,,,1.0,34,,,44,,,196,88,208,,9.7,153.4,,,,2.0,-20.0,,Shane Matthews,6
Career,,4.98,5.8,,,89.0,,4442,1972-09-21,,100.0,2677,,,,,,,,,,,,,,,18.0,,,110,0.0,43.0,-85.0,22.0,141.0,124.0,6-2,3.7,,,,165,,,,,,,,,91,,,9.0,29,Rodney Peete,,5.83,,,60.3,3.8,169,29745,6.7,KitnJo00,,,,,,50-74-0,77.4,,0.0,9.0,,,,,0.1,9.0,1.0,,0.0,313,,2.2,,11,956,,,,,3.1,6.8,11,,,0.0,,Career,,,,,1.0,323,,,314,,,219,965,1987,,11.1,211.0,,,,3.1,-85.0,,Jon Kitna,14
Career,,6.24,6.8,,,105.0,0.0,3676,1970-02-24,,100.0,2264,,,,,,,,,,,,,,,11.0,,,60,0,23,-54,17.0,125.0,116.0,6-1,2.3,,,,83,,,,,,,,,99,,,6.0,33,Rodney Peete,,6.38,,,61.6,4.4,161,25537,6.9,GarcJe00,,,,,,58-58-0,87.5,,0.0,6.0,,,,,0.0,6.0,1.0,,0.0,468,,3.7,,26,2140,,,,,4.6,17.1,26,,,0.0,,Career,1.0,,,,1.0,181,,,469,,,200,2146,947,,11.3,204.3,,,,4.6,-54,,Jeff Garcia,11
Career,,5.91,7.0,,,99.0,,3199,1977-01-28,,100.0,2016,,,,,,,,,,,,,,,11.0,,,102,0,35,-82,17.0,105.0,100.0,6-4,3.3,,,,106,,,,,,,,,82,,,0.0,42,Rodney Peete,,6.42,,,63.0,4.7,149,24153,7.6,CulpDa00,,,,,,41-59-0,87.8,,0.0,0.0,,,,,0.0,0.0,1.0,,0.0,514,,4.9,,34,2652,,,,,5.2,25.3,34,,,0.0,,Career,,,,,1.0,298,,,515,,,260,2652,1696,,12.0,230.0,,,,5.1,-82,,Daunte Culpepper,11
Career,,4.35,5.7,,,20.0,,952,1981-03-12,,,564,,,,,,,,,,,,,,,3.0,,,35.0,0.0,12.0,-33.0,6.0,45.0,33.0,6-2,3.6,,,,34,,,,,,,,,87,,,,30.0,Rodney Peete,,5.17,,,59.2,3.5,33,6271,6.6,LosmJ.00,,,,,,10-23-0,75.6,,,,,,,,,,,,,105.0,,2.3,,3.0,490.0,,,,,4.7,10.9,3.0,,,0.0,,Career,,,,,,108,,,105.0,,,217,490.0,789,,11.1,139.4,,,,4.7,-33.0,,J.P. Losman,7
Career,,5.19,5.9,,,10.0,,500,1977-07-07,,,286,,,,,,,,,,,,,,,2.0,,,11.0,0.0,2.0,-27.0,2.0,31.0,12.0,6-3,2.8,,,,14,,,,,,,,,74,,,,7.0,Rodney Peete,,5.58,,,57.2,4.2,21,3179,6.4,RedmCh00,,,,,,4-8-0,78.6,,,,,,,,,,,,,33.0,,1.1,,0.0,25.0,,,,,0.8,0.8,0.0,,,0.0,,Career,,,,,,34,,,33.0,,,223,25.0,198,,11.1,102.5,,,,0.8,-27.0,,Chris Redman,8
Career,,5.22,5.9,,,52.0,,2346,1968-01-02,,,1301,,,,,,,,,,,,,,,6.0,,,50.0,0.0,13.0,-43.0,9.0,99.0,71.0,6-6,3.5,,,,81,,,,,,,,,91,,,,32.0,Rodney Peete,,5.92,,,55.5,4.0,95,15692,6.7,MitcSc00,,,,,,32-39-0,75.3,,,,,,,,,,,,,172.0,,1.7,,11.0,485.0,,,,,2.8,4.9,11.0,,,0.0,,Career,,,,,,155,,,172.0,,,240,485.0,882,,12.1,158.5,,,,2.8,-43.0,,Scott Mitchell,11
Career,,5.81,6.6,,,109.0,0.0,4920,1983-04-29,,,3048,,,,,,,,,,,,,,,23.0,,,95,0,32,-125,28.0,153.0,153.0,6-3,3.3,,,,160,,,,,,,,,93,,,,31,Rodney Peete,,6.31,,,62.0,4.6,227,35133,7.1,CutlJa00,,,,,,74-79-0,85.3,,,,,,,,,,,,,386,,2.5,,9,1682,,,,,4.4,11.0,9,,,0.0,,Career,1.0,,,,,322,,,386,,,231,1682,2035,,11.5,229.6,,,,4.4,-125,,Jay Cutler,12
Career,,6.22,6.9,,,141.0,0.0,6307,1979-12-27,,0.0,3941,,,,,,,,,,,,,,,22.0,,,82,0,26,-63,35.0,182.0,181.0,6-5,3.0,,,,187,,,,,,,,,91,,,0.0,16,Rodney Peete,,6.6,,,62.5,4.7,294,46247,7.3,PalmCa00,,,,,,92-88-1,87.9,,0.0,0.0,,,,,0.0,,0.0,,0.0,301,,1.7,,8,474,,,,,1.6,2.6,8,,,0.0,,Career,1.0,,,,1.0,340,,,301,,,235,474,2364,,11.7,254.1,,,,1.6,-63,,Carson Palmer,14
Career,,7.03,7.8,,,115.0,,4335,1980-04-21,,100.0,2829,,,,,,,,,,,,,,,24.0,,,62.0,0.0,29.0,-95.0,29.0,156.0,127.0,6-2,2.7,,,,117,,,,,,,,,85,,,11.0,21.0,Rodney Peete,,7.09,,,65.3,5.7,248,34183,7.9,RomoTo00,,,,,,78-49-0,97.1,,0.0,10.0,,,,,0.1,10.0,1.0,,0.0,238.0,,1.5,,5.0,620.0,,,,,2.6,4.0,5.0,,,0.0,,Career,,,,,1.0,248,,,239.0,,,230,630.0,1672,,12.1,219.1,,,,2.6,-95.0,,Tony Romo,13
Career,,3.39,4.1,,,2.0,,522,1968-01-31,,,286,,,,,,,,,,,,,,,1.0,,,14.0,0.0,4.0,-3.0,1.0,100.0,17.0,6-3,3.6,,,,19,,,,,,,,,84,,,,19.0,Rodney Peete,,4.48,,,54.8,2.3,12,2762,5.3,PedeDo00,,,,,,3-14-0,62.3,,,,,,,,,,,,,61.0,,0.6,,0.0,100.0,,,,,1.6,1.0,0.0,,,0.0,,Career,,,,,,40,,,61.0,,,220,100.0,244,,9.7,27.6,,,,1.6,-3.0,,Doug Pederson,10
Career,,4.77,5.4,,,12.0,,483,1972-08-06,,,280,,,,,,,,,,,,,,,3.0,,,18.0,0.0,6.0,-33.0,3.0,55.0,15.0,6-3,3.5,,,,17,,,,,,,,,77,,,,21.0,Rodney Peete,,5.56,,,58.0,3.7,18,3029,6.3,LucaRa00,,,,,,8-7-0,74.3,,,,,,,,,,,,,102.0,,1.9,,4.0,396.0,,,,,3.9,7.2,4.0,,,0.0,,Career,,,,,,29,,,102.0,,,214,396.0,183,,10.8,55.1,,,,3.9,-33.0,,Ray Lucas,7
Career,,5.36,6.3,,,72.0,,2963,1976-03-24,,33.3,1673,,,,,,,,,,,,,,,12.0,,,64,0,18,-117,18.0,93.0,90.0,6-4,3.1,,,,92,,,,,,,,,76,,,1.0,29,Rodney Peete,,5.88,,,56.5,4.2,123,20261,6.8,BrooAa00,,,,,,38-52-0,78.5,,0.0,1.0,,,,,0.0,1.0,1.0,,0.0,362,,3.9,,13,1534,,,,,4.2,16.5,13,,,0.0,,Career,,,,,3.0,235,,,363,,,205,1535,1454,,12.1,217.9,,,,4.2,-117,,Aaron Brooks,7
Career,,4.53,5.3,,,69.0,,2358,1972-10-16,0.0,50.6,1316,,,,,,,,,,,,,,,9.0,,,44,0.0,17.0,-46.0,14.0,125.0,87.0,6-1,3.6,,,,84,,,,,,,,,90,42.0,,71.0,80,Rodney Peete,,5.42,,,55.8,3.3,77,14746,6.3,StewKo00,,,,,6.0,48-34-0,70.7,,5.0,658.0,,,,,5.3,16.0,41.0,,0.3,560,,4.5,,38,2874,,,,,5.1,23.0,43,,,0.0,,Career,,,,,81.0,170,212.0,,601,,,218,3532,1048,,11.2,118.0,,35.3,,5.9,-46.0,,Kordell Stewart,11
Career,,5.81,6.5,,,125.0,,4544,1973-02-14,,100.0,2733,,,,,,,,,,,,,,,15.0,,,99,0,36,-109,21.0,161.0,153.0,6-2,2.6,,,,119,,,,,,,,,87,,,4.0,71,Rodney Peete,,6.2,,,60.1,3.8,174,31304,6.9,McNaSt00,,,,,,91-62-0,82.8,,0.0,4.0,,,,,0.0,4.0,1.0,,0.0,669,,4.2,,37,3590,,,,,5.4,22.3,37,,,0.0,,Career,,,,,1.0,254,,,670,,,230,3594,1567,,11.5,194.4,,,,5.4,-109,,Steve McNair,13
Career,,4.99,5.8,,,15.0,,1165,1990-11-22,,100.0,697,,,,,,,,,,,,,,,5.0,,,12,0.0,4.0,-24.0,5.0,49.0,30.0,6-7,2.7,,,,31,,,,,,,,,75,,,0.0,21,Rodney Peete,,5.51,,,59.8,3.2,37,7418,6.4,OsweBr00,,,,,,15-15-0,78.0,,0.0,-14.0,,,,,-0.3,-14.0,1.0,,0.0,92,,1.9,,4,266,,,,,2.9,5.4,4,,,0.0,,Career,,,,,1.0,79,,,93,,,240,252,559,,10.6,151.4,,,,2.7,-24.0,,Brock Osweiler,7
Career,,5.89,6.8,,,139.0,,5374,1976-11-25,,62.5,3170,,,,,,,,,,,,,,,16.0,,,95,0,24,-102,24.0,167.0,161.0,6-2,2.2,,,,117,,,,,,,,,91,,,3.0,54,Rodney Peete,,5.99,,,59.0,4.4,234,37276,6.9,McNaDo00,,,,,,98-62-1,85.6,,0.0,-7.0,,,,,0.0,-1.4,5.0,,0.0,616,,3.7,,29,3459,,,,,5.6,20.7,29,,,0.0,,Career,,,,,8.0,410,,,621,,,240,3452,2626,,11.8,223.2,,,,5.6,-102,,Donovan McNabb,13
Career,,5.92,6.6,,,169.0,,8119,1981-01-03,,,4895,,,,,,,,,,,,,,,27.0,,,125,0,25,-57,37.0,236.0,234.0,6-5,3.0,,,,244,,,,,,,,,99,,,,18,Rodney Peete,,6.35,,,60.3,4.5,366,57023,7.0,MannEl00,,,,,,117-117-0,84.1,,,,,,,,,,,,,315,,1.3,,7,567,,,,,1.8,2.4,7,,,0.0,,Career,,,,,,411,,,315,,,220,567,2870,,11.6,241.6,,,,1.8,-57,,Eli Manning,16
Career,,5.02,6.0,,,101.0,,3918,1963-12-23,,100.0,2305,,,,,,,,,,,,,,,15.0,,,79,0.0,24.0,-64.0,19.0,177.0,140.0,6-3,3.0,,,,117,,,,,,,,,85,,,1.0,41,Rodney Peete,,5.65,,,58.8,3.3,129,26288,6.7,HarbJi00,,,,,,66-74-0,77.6,,0.0,-8.0,,,,,0.0,-4.0,2.0,,0.0,561,,3.2,,18,2787,,,,,5.0,15.7,18,,,0.0,,Career,,,,,2.0,361,,,563,,,215,2779,2132,,11.4,148.5,,,,4.9,-64.0,,Jim Harbaugh,14
Career,,5.27,6.0,,,9.0,,541,1970-02-08,,,355,,,,,,,,,,,,,,,3.0,,,10,0.0,1.0,-2.0,4.0,53.0,8.0,6-2,3.9,,,,21,,,,,,,,,83,,,,11,Rodney Peete,,6.21,,,65.6,3.7,20,3814,7.0,MartJa00,,,,,,4-4-0,82.3,,,,,,,,,,,,,44,,0.8,,0,16,,,,,0.4,0.3,0,,,0.0,,Career,,,,,,36,,,44,,,205,16,230,,10.7,72.0,,,,0.4,-2.0,,Jamie Martin,9
Career,,4.4,5.5,,,32.0,1.0,1714,1977-07-31,,100.0,1025,,,,,,,,,,,,,,,10,,,37,0,13,-37,11,62.0,59.0,6-4,3.9,,,,67,,,,,,,,,79,,,0.0,40,Rodney Peete,,5.33,,,59.8,3.7,64,11131,6.5,CoucTi00,,,,,,22-37-0,75.1,,0.0,-13.0,,,,,-0.2,-6.5,2.0,,0.0,124,,2.0,,2,556,,,,,4.5,9.0,2,,,0.0,,Career,0.0,,,,2.0,166,,,126,,,220,543,1119,,10.9,179.5,,,,4.3,-37,,Tim Couch,5
Career,,5.2,6.0,,,42.0,1.0,1717,1971-12-29,,,1008,,,,,,,,,,,,,,,8.0,,,29.0,0.0,6.0,-18.0,9.0,76.0,60.0,6-2,3.8,,,,66,,,,,,,,,74,,,,30.0,Rodney Peete,,6.07,,,58.7,4.0,69,11844,6.9,FiedJa00,,,,,,37-23-0,77.1,,,,,,,,,,,,,219.0,,2.9,,11.0,854.0,,,,,3.9,11.2,11.0,,,0.0,,Career,0.0,,,,,114,,,219.0,,,225,854.0,734,,11.8,155.8,,,,3.9,-18.0,,Jay Fiedler,9
Career,,5.58,6.4,,,110.0,1.0,5330,1975-09-25,,,3222,,,,,,,,,,,,,,,15.0,,,67,0.0,18.0,-79.0,24.0,209.0,160.0,6-4,2.9,,,,153,,,,,,,,,87,,,,23,Rodney Peete,,6.04,,,60.5,4.0,212,36638,6.9,HassMa00,,,,,,85-75-0,82.4,,,,,,,,,,,,,365,,1.7,,8,1231,,,,,3.4,5.9,8,,,0.0,,Career,0.0,,,,,360,,,365,,,235,1231,2260,,11.4,175.3,,,,3.4,-79.0,,Matt Hasselbeck,17
Career,,4.93,5.6,,,7.0,,512,1983-08-18,,,298,,,,,,,,,,,,,,,1.0,,,11.0,0.0,3.0,-7.0,1.0,26.0,12.0,6-5,2.5,,,,13,,,,,,,,,96,,,,10.0,Rodney Peete,,5.45,,,58.2,2.9,15,3132,6.1,OrloDa00,,,,,,2-10-0,75.3,,,,,,,,,,,,,13.0,,0.5,,0.0,34.0,,,,,2.6,1.3,0.0,,,0.0,,Career,,,,,,29,,,13.0,,,215,34.0,182,,10.5,120.5,,,,2.6,-7.0,,Dan Orlovsky,7
Career,,6.58,7.3,,,52.0,,2544,1994-10-14,,,1622,,,,,,,,,,,,,,,6.0,,,44,0,6,-26,8.0,72.0,72.0,6-4,2.2,,,,57,,,,,,,,,94,,,,26,Rodney Peete,,6.71,,,63.8,4.4,112,18972,7.5,GoffJa00,,,,,,42-30-0,91.6,,,,,,,,,,,,,171,,2.4,,10,378,,,,,2.2,5.3,10,,,0.0,,Career,,,,,,135,,,171,,,217,378,1007,,11.7,263.5,,,,2.2,-26,,Jared Goff,6
Career,,,,,5384.0,5.0,1.0,,1987-05-02,,57.4,,,,,,,,,,,,,,,,,,,8.0,0.0,5.0,0.0,,70.0,5.0,6-1,,,,,,1.0,3766.0,154.0,,,,,98.0,,,87.0,26.0,15.0,Rodney Peete,,,,,,,,,,MariMa00,,2.0,1275.0,138.0,,,,,0.0,324.0,,,,,4.6,12.0,27.0,,0.4,2.0,,0.0,,0.0,19.0,,,,,9.5,0.3,0.0,,,0.0,,Career,7.0,,,,47.0,,,,29.0,,,190,343.0,,,,,24.5,,9.2,11.8,0.0,,Marcus Mariota,7
Career,,5.0,5.8,,,16.0,,946,1967-10-30,,,546,,,,,,,,,,,,,,,5.0,,,18.0,0.0,4.0,-2.0,6.0,54.0,25.0,6-0,3.7,,,,35,,,,,,,,,57,,,,14.0,Rodney Peete,,5.89,,,57.7,3.6,34,6351,6.7,DetmTy00,,,,,,11-14-0,74.7,,,,,,,,,,,,,72.0,,1.3,,3.0,177.0,,,,,2.5,3.3,3.0,,,0.0,,Career,,,,,,67,,,72.0,,,189,177.0,386,,11.6,117.6,,,,2.5,-2.0,,Ty Detmer,8
Career,,3.8,4.7,,,36.0,,2043,1970-03-19,,,1088,,,,,,,,,,,,,,,8.0,,,35,0.0,10.0,-27.0,9.0,80.0,68.0,6-3,3.7,,,,76,,,,,,,,,60,,,,33,Rodney Peete,,4.88,,,53.3,2.4,50,11969,5.9,MireRi00,,,,,,24-44-0,63.5,,,,,,,,,,,,,242,,3.0,,9,1130,,,,,4.7,14.1,9,,,0.0,,Career,,,,,,199,,,242,,,210,1130,1038,,11.0,149.6,,,,4.7,-27.0,,Rick Mirer,8
Career,,6.07,7.3,,,49.0,,1692,1987-11-03,,,1011,,,,,,,,,,,,,,,7.0,,,37,0.0,12.0,-37.0,7.0,69.0,58.0,6-4,1.8,,,,30,,,,,,,,,80,,,,90,Rodney Peete,,6.02,,,59.8,4.3,72,12271,7.3,KaepCo00,,,,,,28-30-0,88.9,,,,,,,,,,,,,375,,5.4,,13,2300,,,,,6.1,33.3,13,,,0.0,,Career,,,,,,171,,,375,,,225,2300,1060,,12.1,177.8,,,,6.1,-37.0,,Colin Kaepernick,6
Career,,6.09,7.2,,,89.0,,3780,1988-07-27,,100.0,2411,,,,,,,,,,,,,,,23,,,65,0,20,-93,23,119.0,117.0,6-4,2.4,,,,91,,,,,,,,,91,,,9.0,48,Rodney Peete,,6.2,,,63.8,4.8,182,27751,7.3,TannRy00,,,,,,62-55-0,91.8,,1.0,8.0,,,,,0.1,2.0,4.0,,0.0,345,,2.9,,18,1761,,,,,5.1,14.8,19,,,0.0,,Career,,,,,4.0,313,,,349,,,217,1769,2362,,11.5,233.2,,,,5.1,-93,,Ryan Tannehill,9
Career,,6.42,7.1,,,80.0,,3290,1989-09-12,,50.0,2000,,,,,,,,,,,,,,,16,,,44,0,15,-57,20,86.0,86.0,6-4,2.5,,,,83,,,,,,,,,87,,,4.0,33,Rodney Peete,,6.51,,,60.8,5.2,171,23671,7.2,LuckAn00,,,,,,53-33-0,89.5,,0.0,4.0,,,,,0.0,4.0,1.0,,0.0,332,,3.9,,14,1590,,,,,4.8,18.5,14,,,0.0,,Career,,,,,2.0,174,,,333,,,240,1594,1124,,11.8,275.2,,,,4.8,-57,,Andrew Luck,6
Career,,7.41,8.4,,,202.0,,6675,1983-12-02,,100.0,4345,,,,,,,,,,,,,,,18.0,,,81,0.0,26.0,-75.0,26.0,200.0,193.0,6-2,1.4,,,,91,,,,,,,,,93,,,0.0,35,Rodney Peete,,6.81,,,65.1,6.3,418,51894,7.8,RodgAa00,,,,,,128-64-1,103.9,,0.0,-11.0,,,,,-0.1,-3.7,3.0,,0.0,656,,3.3,,31,3277,,,,,5.0,16.4,31,,,0.0,,Career,,,,,3.0,473,,,659,,,225,3266,3197,,11.9,259.5,,,,5.0,-75.0,,Aaron Rodgers,17
Career,,0.0,0.0,,3958.0,27.0,,1.0,1955-05-29,,,0.0,,,,,,,,,,,,,,,,,,15,,4,-8,,76.0,35.0,5-10,0.0,,,,0.0,0.0,597.0,26.0,,,,,37.0,0.0,,23.0,37,28,Rodney Peete,,0.0,,,0.0,0.0,0.0,0.0,0.0,PresDa00,,0.0,153.0,18.0,,,39.6,,3,1423,,,,,18.7,8.8,161,,2.1,479,,6.3,,10,1793,,,,,3.7,23.6,13,,,0.0,,Career,,,,,,0.0,,,640,,,195,3216,0.0,,,0.0,23.0,,8.5,5.0,-8,,Dak Prescott,6
Career,,5.66,6.3,,,119.0,,4715,1966-11-21,,0.0,2898,,,,,,,,,,,,,,,15.0,,,58,0.0,16,-63,20.0,165.0,165.0,6-4,3.0,,,,141,,,,,,,,,90,,,0.0,25,Rodney Peete,,6.27,,,61.5,3.5,165,32942,7.0,AikmTr00,,,,,,94-71-0,81.6,,0.0,-19.0,,,,,-0.1,-9.5,2.0,,0.0,327,,2.0,,9,1016,,,,,3.1,6.2,9,,,0.0,,Career,,,,,0.0,259,,,329,,,219,997,1748,,11.4,199.6,,,,3.0,-63,,Troy Aikman,12
Career,,5.64,6.5,,,35.0,,1578,1994-08-20,,,1011,,,,,,,,,,,,,,,5.0,,,27,0.0,13.0,-32.0,7.0,53.0,50.0,6-2,2.3,,,,37,,,,,,,,,70,,,,46,Rodney Peete,,5.87,,,64.1,4.1,64,10610,6.7,TrubMi00,,,,,,29-21-0,87.2,,,,,,,,,,,,,196,,3.7,,8,1074,,,,,5.5,20.3,8,,,0.0,,Career,,,,,,111,,,196,,,220,1074,698,,10.5,200.2,,,,5.5,-32.0,,Mitchell Trubisky,5
Career,,5.61,6.6,,,64.0,,3171,1977-04-05,,100.0,1969,,,,,,,,,,,,,,,12.0,,,42,0,8,-20,16.0,96.0,95.0,6-3,2.9,,,,93,,,,,,,,,80,,,11.0,29,Rodney Peete,,6.12,,,62.1,3.8,122,22814,7.2,BulgMa00,,,,,,41-54-0,84.4,,0.0,21.0,,,,,0.2,5.3,4.0,,0.0,118,,1.2,,8,300,,,,,2.5,3.1,8,,,0.0,,Career,,,,,4.0,254,,,122,,,208,321,1863,,11.6,237.6,,,,2.6,-20,,Marc Bulger,8
Career,,5.98,6.8,,,105.0,,4831,1987-10-29,,75.0,3009,,,,,,,,,,,,,,,23.0,,,45,0,10,-84,27.0,146.0,144.0,6-2,2.6,,,,127,,,,,,,,,86,,,18.0,25,Rodney Peete,,6.24,,,62.3,4.5,219,34026,7.0,DaltAn00,,,,,,75-67-2,87.5,,1.0,11.0,,,,,0.1,3.7,3.0,,0.0,426,,2.9,,22,1373,,,,,3.2,9.4,23,,,0.0,,Career,,,,,4.0,306,,,429,,,219,1384,1958,,11.3,233.1,,,,3.2,-84,,Andy Dalton,11
Career,,5.27,6.2,,,80.0,,3241,1970-12-04,,,1827,,,,,,,,,,,,,,,12.0,,,68,0.0,17.0,-57.0,16.0,119.0,100.0,6-1,3.1,,,,99,,,,,,,,,88,,,,30,Rodney Peete,,5.78,,,56.4,4.1,134,21711,6.7,BlakJe00,,,,,,39-61-0,78.0,,,,,,,,,,,,,418,,3.5,,14,2027,,,,,4.8,17.0,14,,,0.0,,Career,,,,,,248,,,418,,,223,2027,1550,,11.9,182.4,,,,4.8,-57.0,,Jeff Blake,13
Career,,5.07,5.8,,,92.0,,4350,1974-12-19,,100.0,2484,,,,,,,,,,,,,,,20,,,75,0,33,-44,30,143.0,136.0,6-2,3.7,,,,161,,,,,,,,,85,,,2.0,40,Rodney Peete,,5.94,,,57.1,3.7,161,29253,6.7,PlumJa00,,,,,,69-67-0,74.6,,0.0,4.0,,,,,0.0,2.0,2.0,,0.0,428,,3.0,,17,1853,,,,,4.3,13.0,17,,,0.0,,Career,,,,,2.0,284,,,430,,,212,1857,1735,,11.8,204.6,,,,4.3,-44,,Jake Plummer,10
Career,,7.17,7.6,,,272.0,,9380.0,1976-03-24,,100.0,6125.0,,,,,,,,,,,,,,,43.0,,,75.0,0.0,23.0,-45.0,54.0,266.0,265.0,6-5,2.7,,,,251.0,,,,,,,,,86.0,,,0.0,33.0,Rodney Peete,,7.23,,,65.3,5.7,539.0,71940.0,7.7,MannPe00,,,,,,186-79-0,96.5,,0.0,-2.0,,,,,0.0,-2.0,1.0,,0.0,431.0,,1.6,,18.0,667.0,,,,,1.5,2.5,18.0,,,0.0,,Career,,,,,1.0,303.0,,,432.0,,,230,665.0,1953.0,,11.7,270.5,,,,1.5,-45.0,,Peyton Manning,18
Career,,7.1,7.7,,,276.0,,10551,1979-01-15,,88.9,7142,,,,,,,,,,,,,,,36.0,,,111,0.0,34.0,-102.0,53.0,287.0,286.0,6-0,2.3,,,,243,,,,,,,,,98,,,38.0,22,Rodney Peete,,7.05,,,67.7,5.4,571,80358,7.6,BreeDr00,,,,,,172-114-0,98.7,,1.0,74.0,,,,,0.3,9.3,8.0,,0.0,498,,1.7,,25,752,,,,,1.5,2.6,26,,,0.0,,Career,,,,,9.0,420,,,506,,,209,826,2991,,11.3,280.0,,,,1.6,-102.0,,Drew Brees,20
Career,,4.39,4.9,,,34.0,,2538,1978-10-21,,100.0,1424,,,,,,,,,,,,,,,6,,,25,0.0,6.0,-19.0,7,81.0,76.0,6-4,3.3,,,,85,,,,,,,,,86,,,8.0,26,Rodney Peete,,5.23,,,56.1,3.1,79,14693,5.8,HarrJo00,,,,,,26-50-0,69.4,,0.0,8.0,,,,,0.1,2.7,3.0,,0.0,142,,1.8,,0,402,,,,,2.8,5.0,0,,,0.0,,Career,,,,,3.0,124,,,145,,,220,410,770,,10.3,181.4,,,,2.8,-19.0,,Joey Harrington,6
Career,,5.93,6.6,,,258.0,,10169,1969-10-10,,100.0,6300,,,,,,,,,,,,,,,28.0,,,166.0,0.0,42.0,-183.0,43.0,302.0,298.0,6-2,3.3,,,,336,,,,,,,,,99,,,2.0,40.0,Rodney Peete,,6.39,,,62.0,5.0,508,71838,7.1,FavrBr00,,,,,,186-112-0,86.0,,0.0,-7.0,,,,,0.0,-3.5,2.0,,0.0,602.0,,2.0,,14.0,1844.0,,,,,3.1,6.1,14.0,,,0.0,,Career,,,,,2.0,525,,,604.0,,,222,1837.0,3487,,11.4,237.9,,,,3.0,-183.0,,Brett Favre,20
Career,,5.86,6.7,,,48.0,,2598,1992-12-30,,100.0,1626,,,,,,,,,,,,,,,9.0,,,59,0,29,-95,10.0,71.0,71.0,6-5,2.0,,,,51,,,,,,,,,73,,,7.0,40,Rodney Peete,,5.85,,,62.6,4.5,116,17503,6.7,WentCa00,,,,,,35-35-1,89.0,,0.0,11.0,,,,,0.2,5.5,2.0,,0.0,267,,3.8,,8,1121,,,,,4.2,15.8,8,,,0.0,,Career,,,,,2.0,187,,,269,,,237,1132,1204,,10.8,246.5,,,,4.2,-95,,Carson Wentz,6
Career,,5.36,6.2,,,48.0,,2634,1992-04-28,,100.0,1562,,,,,,,,,,,,,,,6.0,,,46,0.0,13.0,-55.0,8.0,78.0,73.0,6-5,2.8,,,,75,,,,,,,,,90,,,20.0,41,Rodney Peete,,5.83,,,59.3,3.9,103,17649,6.7,BortBl00,,,,,,24-49-0,80.6,,1.0,20.0,,,,,0.3,20.0,1.0,,0.0,283,,3.6,,8,1766,,,,,6.2,22.6,9,,,0.0,,Career,,,,,1.0,195,,,284,,,236,1786,1158,,11.3,226.3,,,,6.3,-55.0,,Blake Bortles,6
Career,,,,,549.0,5.0,,,1974-09-18,,56.9,,,,,,,,,,,,,,,,,,,2,0.0,1.0,0.0,,50.0,22.0,6-5,,,,,,0.0,-1.0,2.0,,,,,0.0,,,,40,,Rodney Peete,,,,,,,,,,JoneDa00,,,,,,,,,11,550,,,,,11.0,13.4,41,,0.8,,,,,,,,,,,,,11,,,0.0,,Career,,,,,72,,,,41,,,270,550,,,,,-0.5,,,13.4,0.0,,Daniel Jones,5
Career,,7.06,8.3,,,147.0,,4421,1988-11-29,,100.0,2883,,,,,,,,,,,,,,,24.0,,,81,1.0,32.0,-84.0,31.0,147.0,147.0,5-11,1.8,,,,81,,,,,,,,,80,,,17.0,55,Rodney Peete,,6.68,,,65.2,6.2,274,34841,7.9,WilsRu00,,,,,,99-47-1,102.3,,1.0,20.0,,,,,0.1,5.0,4.0,,0.0,814,,5.5,,21,4538,,,,,5.6,30.9,22,,,0.0,,Career,,,,,4.0,402,,,818,,,215,4558,2623,,12.1,237.0,,,,5.6,-84.0,,Russell Wilson,10
Career,,,,,472.0,5.0,,,1940-11-22,,,,,,,,,,,,,,,,,,,,,1,,2.0,-5.0,,56.0,21.0,6-3,,,,,,0.0,2.0,3.0,,,,,2.0,,,,43,18.0,Rodney Peete,,,,,,,,,,BurrJo00,,,,,,,,,0,437,,,,,7.8,16.8,26,,0.5,6.0,,0.1,,0.0,38.0,,,,,6.3,0.7,0,,,0.0,,Career,,,,,,,,,32,,,185,475,,,,,0.7,,,14.8,-5.0,,Joe Burrow,5
Career,,5.94,6.7,,,35.0,,2010,1989-01-20,,100.0,1253,,,,,,,,,,,,,,,10.0,,,35,0.0,13.0,-40.0,12.0,67.0,55.0,6-6,2.1,,,,43,,,,,,,,,83,,,15.0,21,Rodney Peete,,6.09,,,62.3,4.0,81,13753,6.8,FoleNi00,,,,,,28-27-0,87.1,,0.0,10.0,,,,,0.1,10.0,1.0,,0.0,145,,2.2,,6,391,,,,,2.7,5.8,6,,,0.0,,Career,,,,,1.0,115,,,146,,,262,401,806,,11.0,205.3,,,,2.7,-40.0,,Nick Foles,9
Career,,6.28,7.1,,,59.0,,2622,1994-01-06,,,1608,,,,,,,,,,,,,,,7.0,,,50,0.0,19.0,-70.0,11.0,79.0,73.0,6-4,3.4,,,,90,,,,,,,,,71,,,,26,Rodney Peete,,6.81,,,61.3,4.9,128,20199,7.7,WinsJa00,,,,,,30-43-0,87.3,,,,,,,,,,,,,270,,3.4,,11,1098,,,,,4.1,13.9,11,,,0.0,,Career,,,,,,178,,,270,,,231,1098,1135,,12.6,255.7,,,,4.1,-70.0,,Jameis Winston,7
Career,,6.71,7.4,,,193.0,,7560,1985-05-17,,100.0,4950,,,,,,,,,,,,,,,31.0,,,80,0,19,-54,39.0,208.0,208.0,6-4,2.1,,,,161,,,,,,,,,93,,,5.0,20,Rodney Peete,,6.73,,,65.5,4.6,351,56474,7.5,RyanMa00,,,,,,114-94-0,94.4,,1.0,5.0,,,,,0.0,5.0,1.0,,0.0,452,,2.2,,11,1397,,,,,3.1,6.7,12,,,0.0,,Career,,,,,1.0,417,,,453,,,217,1402,2754,,11.4,271.5,,,,3.1,-54,,Matt Ryan,14
Career,,5.52,6.2,,,52.0,,2445,1970-08-13,,,1446,,,,,,,,,,,,,,,8.0,,,32,0.0,8.0,-11.0,13.0,105.0,70.0,6-5,3.3,,,,81,,,,,,,,,86,,,,22,Rodney Peete,,6.16,,,59.1,4.0,99,16774,6.9,GrbaEl00,,,,,,40-30-0,79.6,,,,,,,,,,,,,163,,1.6,,7,388,,,,,2.4,3.7,7,,,0.0,,Career,,,,,,129,,,163,,,232,388,907,,11.6,159.8,,,,2.4,-11.0,,Elvis Grbac,8
Career,,,,,599.0,5.0,9.0,,1990-07-25,,71.1,,,,,,,,,,,,,,,,,,,1.0,0.0,1.0,0.0,,101.0,23.0,6-3,,,,,,0.0,41.0,3.0,,,,,14.0,,,,25,27.0,Rodney Peete,,,,,,,,,,CarrDe00,,,,,,,,,3,529,,,,,5.2,9.0,59,,0.6,2.0,,0.0,,0.0,29.0,,,,,14.5,0.3,3,,,0.0,,Career,23.0,,,,83.0,,,,61,,,240,558,,,,,13.7,,,9.1,0.0,,Derek Carr,10
Career,,6.93,7.7,,,216.0,,8134,1981-12-08,,0.0,5277,,,,,,,,,,,,,,,29.0,,,111,0,36,-133,35.0,244.0,240.0,6-5,2.6,,,,209,,,,,,,,,84,,,0.0,18,Rodney Peete,,7.05,,,64.9,5.2,421,63440,7.8,RivePh00,,,,,,134-106-0,95.2,,0.0,-9.0,,,,,0.0,,0.0,,0.0,383,,1.6,,3,601,,,,,1.6,2.5,3,,,0.0,,Career,,,,,2.0,464,,,383,,,228,592,2832,,12.0,260.0,,,,1.5,-133,,Philip Rivers,17
